-- MySQL Administrator dump 1.4
--
-- ------------------------------------------------------
-- Server version	8.0.37


/*!40101 SET @OLD_CHARACTER_SET_CLIENT=@@CHARACTER_SET_CLIENT */;
/*!40101 SET @OLD_CHARACTER_SET_RESULTS=@@CHARACTER_SET_RESULTS */;
/*!40101 SET @OLD_COLLATION_CONNECTION=@@COLLATION_CONNECTION */;
/*!40101 SET NAMES utf8 */;

/*!40014 SET @OLD_UNIQUE_CHECKS=@@UNIQUE_CHECKS, UNIQUE_CHECKS=0 */;
/*!40014 SET @OLD_FOREIGN_KEY_CHECKS=@@FOREIGN_KEY_CHECKS, FOREIGN_KEY_CHECKS=0 */;
/*!40101 SET @OLD_SQL_MODE=@@SQL_MODE, SQL_MODE='NO_AUTO_VALUE_ON_ZERO' */;


--
-- Create schema sque
--

CREATE DATABASE IF NOT EXISTS sque;
USE sque;

--
-- Definition of table `answers`
--

DROP TABLE IF EXISTS `answers`;
CREATE TABLE `answers` (
  `id` int unsigned NOT NULL AUTO_INCREMENT,
  `text` text NOT NULL,
  `id_user` int unsigned NOT NULL,
  `id_questions` int unsigned NOT NULL,
  `data` int unsigned NOT NULL,
  `number` int unsigned NOT NULL DEFAULT '0',
  PRIMARY KEY (`id`)
) ENGINE=InnoDB AUTO_INCREMENT=467 DEFAULT CHARSET=utf8mb4 COLLATE=utf8mb4_general_ci;

--
-- Dumping data for table `answers`
--

/*!40000 ALTER TABLE `answers` DISABLE KEYS */;
INSERT INTO `answers` (`id`,`text`,`id_user`,`id_questions`,`data`,`number`) VALUES 
 (441,'Ответ Vadim / 15-09 / 20-02-2024.  Ответ Vadim и Ответ Vadim. Ответ Vadim / 15-09 / 20-02-2024.  Ответ Vadim и Ответ Vadim. Ответ Vadim / 15-09 / 20-02-2024.  Ответ Vadim и Ответ Vadim.',95,242,1708423796,3),
 (442,'Ответ i0618 / 15-12 / 20-02-2024. !!!!!!!!!!!!!! Ответ i0618 / 15-12 / 20-02-2024. !!!!!!!!!!!!!! Ответ i0618 / 15-12 / 20-02-2024. !!!!!!!!!!!!!!',92,242,1708423926,1),
 (443,'Ответ i0600 / 15-13 / 20-02-2024. )))))))))))))))))))))))))) ||| Ответ i0600 / 15-13 / 20-02-2024. )))))))))))))))))))))))))) Ответ i0600 / 15-13 / 20-02-2024. )))))))))))))))))))))))))) Ответ i0600 / 15-13 / 20-02-2024. )))))))))))))))))))))))))) Ответ i0600 / 15-13 / 20-02-2024. ))))))))))))))))))))))))))\r\n\r\n',91,242,1708423960,2),
 (444,'Ответ 86mail / 15-14 / 20-02-2024. ++++++++++++ Ответ 86mail / 15-14 / 20-02-2024. ++++++++++++ Ответ 86mail / 15-14 / 20-02-2024. ++++++++++++ Ответ 86mail / 15-14 / 20-02-2024. ++++++++++++ Ответ 86mail / 15-14 / 20-02-2024. ++++++++++++ //////////////',93,242,1708424045,2),
 (445,'Ответ z32165 / 15-14 / 20-02-2024.  ((((((((((((((((((((((((((((( Ответ z32165 / 15-14 / 20-02-2024.  ((((((((((((((((((((((((((((( Ответ z32165 / 15-14 / 20-02-2024.  ((((((((((((((((((((((((((((( Ответ z32165 / 15-14 / 20-02-2024.  ((((((((((((((((((((((((((((( Ответ z32165 / 15-14 / 20-02-2024.  (((((((((((((((((((((((((((((',94,242,1708424064,3),
 (446,'Ответ Vadim / 14-44 / 02-03-2024.  Ответ Vadim и Ответ Vadim. Ответ Vadim / 14-44 / 02-03-2024.  Ответ Vadim и Ответ Vadim. Ответ Vadim / 14-44 / 02-03-2024.  Ответ Vadim и Ответ Vadim.',95,243,1709372682,1),
 (447,'Ответ i0618 / 14-45 / 02-03-2024. !!!!!!!!!!!!!! Ответ i0618 / 14-45 / 02-03-2024. !!!!!!!!!!!!!! Ответ i0618 / 14-45 / 02-03-2024. !!!!!!!!!!!!!! Ответ i0618 / 14-45 / 02-03-2024. !!!!!!!!!!!!!! Ответ i0618 / 14-45 / 02-03-2024. !!!!!!!!!!!!!! Ответ i0618 / 14-45 / 02-03-2024. !!!!!!!!!!!!!! Ответ i0618 / 14-45 / 02-03-2024. !!!!!!!!!!!!!! Ответ i0618 / 14-45 / 02-03-2024. !!!!!!!!!!!!!! Ответ i0618 / 14-45 / 02-03-2024. !!!!!!!!!!!!!!',92,243,1709372737,2),
 (448,'Ответ i0600 / 14-46 / 02-03-2024. )))))))))))))))))))))))))) Ответ i0600 / 14-46 / 02-03-2024. )))))))))))))))))))))))))) Ответ i0600 / 14-46 / 02-03-2024. )))))))))))))))))))))))))) Ответ i0600 / 14-46 / 02-03-2024. )))))))))))))))))))))))))) Ответ i0600 / 14-46 / 02-03-2024. ))))))))))))))))))))))))))',91,243,1709372802,3),
 (449,'Ответ 86mail / 14-47 / 02-03-2024. ++++++++++++ Ответ 86mail / 14-47 / 02-03-2024. ++++++++++++ Ответ 86mail / 14-47 / 02-03-2024. ++++++++++++ Ответ 86mail / 14-47 / 02-03-2024. ++++++++++++ Ответ 86mail / 14-47 / 02-03-2024. ++++++++++++',93,243,1709372851,3),
 (450,'Ответ z32165 / 14-48 / 02-03-2024.  ((((((((((((((((((((((((((((( Ответ z32165 / 14-48 / 02-03-2024.  ((((((((((((((((((((((((((((( Ответ z32165 / 14-48 / 02-03-2024.  ((((((((((((((((((((((((((((( Ответ z32165 / 14-48 / 02-03-2024.  (((((((((((((((((((((((((((((',94,243,1709372913,4),
 (451,'Ответ Vadim / 14-32 / 04-03-2024.  Ответ Vadim и Ответ Vadim. Ответ Vadim / 14-32 / 04-03-2024.  Ответ Vadim и Ответ Vadim.',95,244,1709544750,1),
 (452,'Ответ i0600 / 15-54 / 04-03-2024. )))))))))))))))))))))))))) Ответ i0600 / 15-54 / 04-03-2024. )))))))))))))))))))))))))) Ответ i0600 / 15-54 / 04-03-2024. ))))))))))))))))))))))))))',91,244,1709549651,1),
 (453,'Ответ i0618 / №1 / 18-04-2024. !!!!!!!!!!!!!! Ответ i0618 / №1 / 18-04-2024. !!!!!!!!!!!!!! Ответ i0618 / №1 / 18-04-2024. !!!!!!!!!!!!!! Ответ i0618 / №1 / 18-04-2024. !!!!!!!!!!!!!! Ответ i0618 / №1 / 18-04-2024. !!!!!!!!!!!!!! м Ответ i0618 / №1 / 18-04-2024. !!!!!!!!!!!!!! Ответ i0618 / №1 / 18-04-2024. !!!!!!!!!!!!!! Ответ i0618 / №1 / 18-04-2024. !!!!!!!!!!!!!!',92,248,1713434145,1),
 (454,'Ответ i0600 / №2 / 18-04-2024. )))))))))))))))))))))))))) Ответ i0600 / №2 / 18-04-2024. )))))))))))))))))))))))))) Ответ i0600 / №2 / 18-04-2024. )))))))))))))))))))))))))) Ответ i0600 / №2 / 18-04-2024. )))))))))))))))))))))))))) Ответ i0600 / №2 / 18-04-2024. )))))))))))))))))))))))))) Ответ i0600 / №2 / 18-04-2024. ))))))))))))))))))))))))))',91,248,1713434177,2),
 (455,'Ответ 86mail / №3 / 18-04-2024. ++++++++++++ Ответ 86mail / №3 / 18-04-2024. ++++++++++++ Ответ 86mail / №3 / 18-04-2024. ++++++++++++ Ответ 86mail / №3 / 18-04-2024. ++++++++++++ Ответ 86mail / №3 / 18-04-2024. ++++++++++++ Ответ 86mail / №3 / 18-04-2024. ++++++++++++ ',93,248,1713434201,3),
 (456,'Ответ z32165 / №4 / 18-04-2024. ((((((((((((((((((((((((((((( Ответ z32165 / №4 / 18-04-2024. ((((((((((((((((((((((((((((( Ответ z32165 / №4 / 18-04-2024. ((((((((((((((((((((((((((((( Ответ z32165 / №4 / 18-04-2024. ((((((((((((((((((((((((((((( Ответ z32165 / №4 / 18-04-2024. ((((((((((((((((((((((((((((( \r\n',94,248,1713434228,4),
 (457,'Ответ Vadim / №5 / 18-04-2024. ***************** Ответ Vadim / №5 / 18-04-2024. ***************** Ответ Vadim / №5 / 18-04-2024. ***************** Ответ Vadim / №5 / 18-04-2024. ***************** Ответ Vadim / №5 / 18-04-2024. ***************** \r\n  ',95,248,1713434276,5),
 (458,'Ответ Vadim_New / №6 / 18-04-2024. /////////// Ответ Vadim_New / №6 / 18-04-2024. /////////// Ответ Vadim_New / №6 / 18-04-2024. /////////// Ответ Vadim_New / №6 / 18-04-2024. /////////// Ответ Vadim_New / №6 / 18-04-2024. ///////////',112,248,1713434305,4),
 (459,'Ответ i0600 / №1 / 18-04-2024. )))))))))))))))))))))))))) Ответ i0600 / №1 / 18-04-2024. )))))))))))))))))))))))))) Ответ i0600 / №1 / 18-04-2024. )))))))))))))))))))))))))) Ответ i0600 / №1 / 18-04-2024. )))))))))))))))))))))))))) ',91,249,1713439426,2),
 (460,'Ответ 86mail / №2 / 18-04-2024. ++++++++++++\r\nОтвет 86mail / №2 / 18-04-2024. ++++++++++++\r\nОтвет 86mail / №2 / 18-04-2024. ++++++++++++\r\n',93,249,1713439712,3),
 (461,'Ответ z32165 / №3 / 18-04-2024. ((((((((((((((((((((((((((((( Ответ z32165 / №3 / 18-04-2024. ((((((((((((((((((((((((((((( Ответ z32165 / №3 / 18-04-2024. ((((((((((((((((((((((((((((( Ответ z32165 / №3 / 18-04-2024. ((((((((((((((((((((((((((((( Ответ z32165 / №3 / 18-04-2024. ((((((((((((((((((((((((((((( Ответ z32165 / №3 / 18-04-2024. ((((((((((((((((((((((((((((( Ответ z32165 / №3 / 18-04-2024. ((((((((((((((((((((((((((((( Ответ z32165 / №3 / 18-04-2024. ((((((((((((((((((((((((((((( ',94,249,1713439741,4),
 (462,'Ответ Vadim / №4 / 18-04-2024. *****************\r\nОтвет Vadim / №4 / 18-04-2024. *****************\r\nОтвет Vadim / №4 / 18-04-2024. ***************** Ответ Vadim / №4 / 18-04-2024. ***************** \r\nОтвет Vadim / №4 / 18-04-2024. ***************** и Ответ Vadim / №4 / 18-04-2024. *****************\r\n\r\n\r\n',95,249,1713439774,1),
 (463,'Ответ Vadim_New / №5 / 18-04-2024. /////////// Ответ Vadim_New / №5 / 18-04-2024. ///////////',112,249,1713439813,1),
 (464,'Ответ i0618 / №6 / 18-04-2024. !!!!!!!!!!!!!! !!! !!!',92,249,1713439842,1),
 (465,'ьоврвм аррага арарпо аорпое аопеоеоео',94,251,1718364173,1),
 (466,'Ноги надо лечить, а не горобить. Зарядка. ',95,251,1718364572,1);
/*!40000 ALTER TABLE `answers` ENABLE KEYS */;


--
-- Definition of table `chat`
--

DROP TABLE IF EXISTS `chat`;
CREATE TABLE `chat` (
  `id` int unsigned NOT NULL AUTO_INCREMENT,
  `text` text NOT NULL,
  `status` int unsigned NOT NULL,
  `data` int unsigned NOT NULL,
  `sender_id` int unsigned NOT NULL,
  `recipient_id` int unsigned NOT NULL,
  `img` text NOT NULL,
  `reading_users` int unsigned NOT NULL DEFAULT '0',
  PRIMARY KEY (`id`)
) ENGINE=InnoDB AUTO_INCREMENT=266 DEFAULT CHARSET=utf8mb4 COLLATE=utf8mb4_general_ci;

--
-- Dumping data for table `chat`
--

/*!40000 ALTER TABLE `chat` DISABLE KEYS */;
INSERT INTO `chat` (`id`,`text`,`status`,`data`,`sender_id`,`recipient_id`,`img`,`reading_users`) VALUES 
 (201,'Добрый вечер, Админ 17-32',0,1708173176,91,86,'',1),
 (202,'Добрый вечер, Админ(',0,1708173212,92,86,'',1),
 (203,'Добрый вечер, i0618',0,1708173267,86,86,'',0),
 (204,'qwe',0,1708175697,89,86,'',1),
 (205,'Добрый день, Админ 15-18',0,1708424307,92,86,'',1),
 (206,'15-19',0,1708424398,86,91,'',1),
 (207,'15-21',0,1708424508,86,91,'',1),
 (208,'15-30',0,1708425007,91,86,'',1),
 (209,'15-31',0,1708425063,86,91,'',1),
 (210,'15-56',0,1708426592,86,86,'',0),
 (211,'15-57',0,1708426630,86,92,'',1),
 (212,'15-59',0,1708426786,92,86,'',1),
 (213,'15-59 2',0,1708426803,86,92,'',1),
 (214,'16-02',0,1708426961,91,86,'',1),
 (215,'16-02 2',0,1708426973,86,91,'',1),
 (216,'18-59',0,1708956002,92,86,'',1),
 (217,'19-01',0,1708956109,86,92,'',1),
 (218,'19-45',0,1709304348,91,86,'',1),
 (219,'19-46',0,1709304369,86,91,'',1),
 (220,'asdasd',0,1710047954,86,89,'',1),
 (221,'asd',0,1710048595,89,86,'',1),
 (222,'aad',0,1710048610,89,86,'',1),
 (223,'ASas',0,1710048966,86,89,'',1),
 (224,'ASDASD',0,1710048973,89,86,'',0),
 (225,'18-05 1',0,1710162344,86,92,'',1),
 (226,'18-06 1',0,1710162384,92,86,'',1),
 (227,'18-06 2',0,1710162411,86,92,'',1),
 (228,'18-10 1',0,1710162668,92,86,'',1),
 (229,'18-11 1',0,1710162721,91,86,'',1),
 (230,'18-12 1',0,1710162743,86,91,'',1),
 (231,'18-18 1',0,1710163107,91,86,'',1),
 (232,'18-18 2',0,1710163123,91,86,'',1),
 (233,'18-19 1',0,1710163164,86,91,'',1),
 (234,'18-19 2',0,1710163189,86,91,'',1),
 (235,'18-20 1',0,1710163251,86,92,'',1),
 (236,'18-21',0,1710163278,92,86,'',0),
 (237,'18-22 1',0,1710163337,93,86,'',1),
 (238,'18-22 2',0,1710163375,93,86,'',1),
 (239,'18-24 1',0,1710163500,86,93,'',1),
 (240,'18-25 1',0,1710163526,86,93,'',1),
 (241,'18-25 2',0,1710163539,93,86,'',1),
 (242,'18-26 1',0,1710163607,94,86,'',1),
 (243,'18-26 2',0,1710163628,86,94,'',1),
 (244,'18-27 1',0,1710163639,94,86,'',1),
 (245,'18-27 2',0,1710163652,86,94,'',1),
 (246,'18-27 3',0,1710163670,94,86,'',0),
 (247,'18-28 1',0,1710163702,95,86,'',1),
 (248,'18-28 2',0,1710163740,86,95,'',1),
 (249,'18-29 1',0,1710163757,95,86,'',1),
 (250,'18-29 2',0,1710163772,86,95,'',1),
 (251,'0-42 1',0,1710186155,86,93,'',1),
 (252,'0-48 1',0,1710186523,86,93,'',1),
 (253,'0-48 2',0,1710186533,86,93,'',1),
 (254,'01-08 1',0,1710187715,86,93,'',1),
 (255,'01-10 1',0,1710187863,86,91,'',1),
 (256,'01-15 1',0,1710188174,86,95,'',1),
 (257,'11-48 1',0,1710226134,86,91,'',1),
 (258,'11-49 1',0,1710226147,91,86,'',1),
 (259,'11-42 1',0,1710312147,86,93,'',1),
 (260,'11-45 1',0,1710312326,86,91,'',1),
 (261,'Добрый день)',0,1713435667,112,86,'',1),
 (262,'Сколько стоит задать вопрос?',0,1713435677,112,86,'',1),
 (263,'Сколько стоит задать вопрос?',0,1713435678,112,86,'',1),
 (264,'Добрый день)',0,1713435719,86,112,'',1),
 (265,'Минимальная сумма - 20 долларов',0,1713435745,86,112,'',1);
/*!40000 ALTER TABLE `chat` ENABLE KEYS */;


--
-- Definition of table `close_answers`
--

DROP TABLE IF EXISTS `close_answers`;
CREATE TABLE `close_answers` (
  `id` int unsigned NOT NULL AUTO_INCREMENT,
  `id_user` int unsigned NOT NULL,
  `id_answer` int unsigned NOT NULL,
  `id_question` int unsigned NOT NULL,
  PRIMARY KEY (`id`)
) ENGINE=InnoDB AUTO_INCREMENT=67 DEFAULT CHARSET=utf8mb4 COLLATE=utf8mb4_general_ci;

--
-- Dumping data for table `close_answers`
--

/*!40000 ALTER TABLE `close_answers` DISABLE KEYS */;
INSERT INTO `close_answers` (`id`,`id_user`,`id_answer`,`id_question`) VALUES 
 (62,91,449,243),
 (63,91,446,243),
 (64,91,460,249),
 (65,91,450,243),
 (66,91,466,251);
/*!40000 ALTER TABLE `close_answers` ENABLE KEYS */;


--
-- Definition of table `complaints`
--

DROP TABLE IF EXISTS `complaints`;
CREATE TABLE `complaints` (
  `id` int unsigned NOT NULL AUTO_INCREMENT,
  `id_user_sender` int unsigned NOT NULL,
  `id_user` int unsigned NOT NULL,
  `id_question` int unsigned NOT NULL,
  `id_answers` int unsigned NOT NULL,
  `reason` text CHARACTER SET utf8mb4 COLLATE utf8mb4_general_ci NOT NULL,
  `data` int unsigned NOT NULL,
  PRIMARY KEY (`id`)
) ENGINE=InnoDB DEFAULT CHARSET=utf8mb4 COLLATE=utf8mb4_general_ci;

--
-- Dumping data for table `complaints`
--

/*!40000 ALTER TABLE `complaints` DISABLE KEYS */;
/*!40000 ALTER TABLE `complaints` ENABLE KEYS */;


--
-- Definition of table `dislike_answer`
--

DROP TABLE IF EXISTS `dislike_answer`;
CREATE TABLE `dislike_answer` (
  `id` int unsigned NOT NULL AUTO_INCREMENT,
  `id_answer` int unsigned NOT NULL,
  `id_user` int unsigned NOT NULL,
  `data` int unsigned NOT NULL,
  `id_questions` int unsigned NOT NULL,
  PRIMARY KEY (`id`)
) ENGINE=InnoDB AUTO_INCREMENT=503 DEFAULT CHARSET=utf8mb4 COLLATE=utf8mb4_general_ci;

--
-- Dumping data for table `dislike_answer`
--

/*!40000 ALTER TABLE `dislike_answer` DISABLE KEYS */;
INSERT INTO `dislike_answer` (`id`,`id_answer`,`id_user`,`data`,`id_questions`) VALUES 
 (475,445,92,1708586782,242),
 (476,441,92,1708586787,242),
 (477,445,91,1708586830,242),
 (478,448,93,1709461245,243),
 (479,448,94,1709461296,243),
 (480,447,95,1709461362,243),
 (481,448,95,1709461370,243),
 (482,449,95,1709461377,243),
 (483,450,95,1709461388,243),
 (484,456,91,1713528248,248),
 (485,458,91,1713528250,248),
 (486,457,91,1713528255,248),
 (487,457,93,1713528311,248),
 (488,458,93,1713528313,248),
 (489,457,94,1713528419,248),
 (490,458,94,1713528422,248),
 (491,455,95,1713528462,248),
 (492,455,112,1713528490,248),
 (493,464,91,1713528944,249),
 (494,461,91,1713528949,249),
 (495,464,93,1713528991,249),
 (496,461,93,1713529001,249),
 (497,459,95,1713529079,249),
 (498,460,95,1713529082,249),
 (499,459,112,1713529114,249),
 (500,460,112,1713529118,249),
 (501,461,112,1713529120,249),
 (502,462,112,1713529125,249);
/*!40000 ALTER TABLE `dislike_answer` ENABLE KEYS */;


--
-- Definition of table `dislikepost`
--

DROP TABLE IF EXISTS `dislikepost`;
CREATE TABLE `dislikepost` (
  `id` int unsigned NOT NULL AUTO_INCREMENT,
  `id_questions` int unsigned NOT NULL,
  `id_user` text NOT NULL,
  `data` int unsigned NOT NULL,
  PRIMARY KEY (`id`)
) ENGINE=InnoDB AUTO_INCREMENT=766 DEFAULT CHARSET=utf8mb4 COLLATE=utf8mb4_general_ci;

--
-- Dumping data for table `dislikepost`
--

/*!40000 ALTER TABLE `dislikepost` DISABLE KEYS */;
INSERT INTO `dislikepost` (`id`,`id_questions`,`id_user`,`data`) VALUES 
 (738,12,'92',1708586782),
 (739,12,'92',1708586787),
 (740,12,'91',1708586830),
 (741,12,'93',1709461245),
 (742,12,'94',1709461296),
 (743,12,'95',1709461362),
 (744,12,'95',1709461370),
 (745,12,'95',1709461377),
 (746,12,'95',1709461388),
 (747,12,'91',1713528248),
 (748,12,'91',1713528250),
 (749,12,'91',1713528255),
 (750,12,'93',1713528311),
 (751,12,'93',1713528313),
 (752,12,'94',1713528419),
 (753,12,'94',1713528422),
 (754,12,'95',1713528462),
 (755,12,'112',1713528490),
 (756,12,'91',1713528944),
 (757,12,'91',1713528949),
 (758,12,'93',1713528991),
 (759,12,'93',1713529001),
 (760,12,'95',1713529079),
 (761,12,'95',1713529082),
 (762,12,'112',1713529114),
 (763,12,'112',1713529118),
 (764,12,'112',1713529120),
 (765,12,'112',1713529125);
/*!40000 ALTER TABLE `dislikepost` ENABLE KEYS */;


--
-- Definition of table `docs`
--

DROP TABLE IF EXISTS `docs`;
CREATE TABLE `docs` (
  `id` int unsigned NOT NULL AUTO_INCREMENT,
  `text` text NOT NULL,
  `href` text NOT NULL,
  `status` int unsigned NOT NULL DEFAULT '0',
  `data` int unsigned NOT NULL,
  `user` int unsigned NOT NULL,
  PRIMARY KEY (`id`)
) ENGINE=InnoDB AUTO_INCREMENT=43 DEFAULT CHARSET=utf8mb4 COLLATE=utf8mb4_general_ci;

--
-- Dumping data for table `docs`
--

/*!40000 ALTER TABLE `docs` DISABLE KEYS */;
INSERT INTO `docs` (`id`,`text`,`href`,`status`,`data`,`user`) VALUES 
 (1,'<!DOCTYPE html>\r\n<!-- Generated by PHPWord -->\r\n<html lang=\'ru-RU\'>\r\n<head>\r\n<meta charset=\"UTF-8\" />\r\n<title>PHPWord</title>\r\n<meta name=\"author\" content=\"adam jbr\" />\r\n<style>\r\nbody {font-family: \'Arial\'; font-size: 11pt;}\r\n* {font-family: \'Arial\'; font-size: 11pt;}\r\na.NoteRef {text-decoration: none;}\r\nhr {height: 1px; padding: 0; margin: 1em 0; border: 0; border-top: 1px solid #CCC;}\r\ntable {border: 1px solid black; border-spacing: 0px; width : 100%;}\r\ntd {border: 1px solid black;}\r\np, .Normal {margin-bottom: 8pt;}\r\n.Normal Table {table-layout: auto;}\r\nbody > div + div {page-break-before: always;}\r\ndiv > *:first-child {page-break-before: auto;}\r\n@page page1 {size: A4 portrait; margin-right: 1in; margin-left: 1in; margin-top: 1in; margin-bottom: 1in; }\r\n</style>\r\n</head>\r\n<body>\r\n<div style=\'page: page1\'>\r\n<p style=\"text-align: center;\"><span lang=\'en-US\' style=\"font-size: 14pt; font-weight: bold;\">DISCLAIME</span><span lang=\'en-US\' style=\"font-size: 14pt; font-weight: bold;\">R</span><span style=\"font-size: 14pt; font-weight: bold;\"> </span><span lang=\'en-US\' style=\"font-size: 14pt; font-weight: bold;\">FOR </span><span lang=\'en-US\' style=\"font-size: 14pt; font-weight: bold;\">UN</span><span lang=\'en-US\' style=\"font-size: 14pt; font-weight: bold;\">REGISTERED USERS</span></p>\r\n<p style=\"text-align: center;\"><span lang=\'en-US\'>Effective date: 1</span><span lang=\'en-US\' style=\"vertical-align: super;\">st</span><span lang=\'en-US\'> January 2024</span></p>\r\n<p><span lang=\'en-US\'>Plebscracy</span><span lang=\'en-US\'> is committed to fostering an environment of diverse voices and open dialogue, underpinned by responsible participation and critical thinking, particularly in the realms of news and political discourse. </span></p>\r\n<p><span lang=\'en-US\' style=\"font-weight: bold;\">1. </span><span lang=\'en-US\' style=\"font-weight: bold;\">Content Disclaimer</span><span lang=\'en-US\' style=\"font-weight: bold;\">:</span></p>\r\n<p><span lang=\'en-US\'>By accessing the site, you acknowledge that you may be exposed to diverse and conflicting opinions on a variety of issues that may challenge your own beliefs. As a user, you acknowledge that all opinions expressed and information presented are the sole responsibility of the persons providing them. </span><span lang=\'en-US\'>Plebscracy</span><span lang=\'en-US\'> is not responsible for any moral damages, mental distress or emotional injury caused by exposure to different opinions and viewpoints on the platform. Users who may be upset by such content are advised to refrain from using </span><span lang=\'en-US\'>Plebscracy</span><span lang=\'en-US\'>. Further, </span><span lang=\'en-US\'>Plebscracy</span><span lang=\'en-US\'> disclaims any liability for claims arising from such disaster.</span></p>\r\n<p><span lang=\'en-US\'>Plebscracy</span><span lang=\'en-US\'> remains neutral and disclaims any responsibility for any User Content, including misinformation, misinformation, bias or harm</span></p>\r\n<p><span lang=\'en-US\' style=\"font-weight: bold;\">2</span><span lang=\'en-US\' style=\"font-weight: bold;\">. </span><span lang=\'en-US\' style=\"font-weight: bold;\">Errors and Security Disclaimer</span><span lang=\'en-US\' style=\"font-weight: bold;\">:</span></p>\r\n<p><span lang=\'en-US\'>The Platform may be intermittent, have bugs, or be insecure. You use it at your own risk.</span></p>\r\n<p>&nbsp;</p>\r\n</div>\r\n</body>\r\n</html>\r\n','term',0,1712055302,86),
 (2,'<!DOCTYPE html>\r\n<!-- Generated by PHPWord -->\r\n<html lang=\'ru-RU\'>\r\n<head>\r\n<meta charset=\"UTF-8\" />\r\n<title>PHPWord</title>\r\n<meta name=\"author\" content=\"adam jbr\" />\r\n<style>\r\nbody {font-family: \'Arial\'; font-size: 11pt;}\r\n* {font-family: \'Arial\'; font-size: 11pt;}\r\na.NoteRef {text-decoration: none;}\r\nhr {height: 1px; padding: 0; margin: 1em 0; border: 0; border-top: 1px solid #CCC;}\r\ntable {border: 1px solid black; border-spacing: 0px; width : 100%;}\r\ntd {border: 1px solid black;}\r\np, .Normal {margin-bottom: 8pt;}\r\n.Normal Table {table-layout: auto;}\r\nbody > div + div {page-break-before: always;}\r\ndiv > *:first-child {page-break-before: auto;}\r\n@page page1 {size: A4 portrait; margin-right: 1in; margin-left: 1in; margin-top: 1in; margin-bottom: 1in; }\r\n</style>\r\n</head>\r\n<body>\r\n<div style=\'page: page1\'>\r\n<p style=\"text-align: center;\"><span lang=\'en-US\' style=\"font-size: 14pt; font-weight: bold;\">DISCLAIME</span><span lang=\'en-US\' style=\"font-size: 14pt; font-weight: bold;\">R</span><span style=\"font-size: 14pt; font-weight: bold;\"> </span><span lang=\'en-US\' style=\"font-size: 14pt; font-weight: bold;\">FOR REGISTERED USERS</span></p>\r\n<p style=\"text-align: center;\"><span lang=\'en-US\'>Effective date: 1</span><span lang=\'en-US\' style=\"vertical-align: super;\">st</span><span lang=\'en-US\'> January 2024</span></p>\r\n<p><span lang=\'en-US\'>Plebscracy</span><span lang=\'en-US\'> is committed to fostering an environment of diverse voices and open dialogue, underpinned by responsible participation and critical thinking, particularly in the realms of news and political discourse. By accessing and using our platform, you agree to adhere to the following disclaimers and guidelines:</span></p>\r\n<p><span lang=\'en-US\' style=\"font-weight: bold;\">1. User Responsibility:</span></p>\r\n<p><span lang=\'en-US\'>You bear full responsibility for your User Content and its consequences, including any impact on others. Posting content that is illegal, harmful, or offensive may lead to immediate account termination and potential legal action.</span></p>\r\n<p><span lang=\'en-US\' style=\"font-weight: bold;\">2. Platform Neutrality and Limited Liability:</span></p>\r\n<p><span lang=\'en-US\'>Plebscracy</span></p>\r\n<p><span lang=\'en-US\'> remains neutral and disclaims all liability for any User Content, including misinformation, disinformation, bias, or harm. You, the user, assume full responsibility for your content and its effects.</span></p>\r\n\r\n<p><span lang=\'en-US\'>We encourage respectful dialogue, even when disagreeing. Avoid hate speech, personal attacks, discriminatory remarks, and content inciting violence or illegal activity. </span></p>\r\n<p>Violators</p>\r\n<p>&nbsp;</p>\r\n<p>will</p>\r\n<p>&nbsp;</p>\r\n<p>be</p>\r\n<p>&nbsp;</p>\r\n<p>banned</p>\r\n<p>.</p>\r\n\r\n<p><span lang=\'en-US\' style=\"font-weight: bold;\">3. Critical Thinking and Information Evaluation:</span></p>\r\n<p><span lang=\'en-US\'>Users are solely responsible for critically evaluating the accuracy, legitimacy, and potential bias of any information encountered on </span></p>\r\n<p><span lang=\'en-US\'>Plebscracy</span></p>\r\n<p><span lang=\'en-US\'>. </span></p>\r\n<p>Fact-checking</p>\r\n<p>&nbsp;</p>\r\n<p>and</p>\r\n<p>&nbsp;</p>\r\n<p>considering</p>\r\n<p>&nbsp;</p>\r\n<p>information</p>\r\n<p> sources are crucial.</p>\r\n\r\n<p><span lang=\'en-US\'>We encourage open minds and critical thinking when encountering diverse viewpoints, which may challenge your own beliefs. </span></p>\r\n<p>Engage</p>\r\n<p>&nbsp;</p>\r\n<p>respectfully</p>\r\n<p>&nbsp;</p>\r\n<p>and</p>\r\n<p>&nbsp;</p>\r\n<p>avoid</p>\r\n<p> spreading misinformation.</p>\r\n\r\n<p><span style=\"font-weight: bold;\">4. News and Political Content:</span></p>\r\n<p><span lang=\'en-US\'>You are solely responsible for assessing the accuracy, legitimacy, and potential bias of any news or political content encountered on </span></p>\r\n<p><span lang=\'en-US\'>Plebscracy</span></p>\r\n<p><span lang=\'en-US\'>. We don&#039;t endorse or validate any content; we are a platform, not a publisher or arbiter of truth.</span></p>\r\n\r\n<p><span lang=\'en-US\'>Posting demonstrably false, misleading, or inciting news or political content may result in content removal and potential legal consequences. Users must adhere to journalistic ethics and avoid fabricating or manipulating information.</span></p>\r\n\r\n<p><span lang=\'en-US\' style=\"font-weight: bold;\">5</span><span lang=\'en-US\' style=\"font-weight: bold;\">. Legal Disclaimers and Limited Warranties:</span></p>\r\n<p><span lang=\'en-US\'>Plebscracy</span></p>\r\n<p><span lang=\'en-US\'> is provided &quot;as-is&quot; without warranties of any kind. We disclaim all warranties, including merchantability, fitness for a purpose, non-infringement, and quiet enjoyment. The Platform may be interrupted, have errors, or be insecure. </span></p>\r\n<p>You </p>\r\n<p>use</p>\r\n<p>&nbsp;</p>\r\n<p>it</p>\r\n<p>&nbsp;</p>\r\n<p>at</p>\r\n<p> your own risk.</p>\r\n\r\n<p><span lang=\'en-US\'>Plebscracy</span></p>\r\n<p><span lang=\'en-US\'> will not be liable for any damages arising from your platform use, including direct, indirect, incidental, consequential, punitive, or special damages. This limitation applies regardless of the legal theory on which liability is based.</span></p>\r\n\r\n<p><span lang=\'en-US\' style=\"font-weight: bold;\">6</span><span style=\"font-weight: bold;\">. Compliance and Consequences:</span></p>\r\n<p><span lang=\'en-US\'>By accessing and using </span></p>\r\n<p><span lang=\'en-US\'>Plebscracy</span></p>\r\n<p><span lang=\'en-US\'>, you agree to comply with these disclaimers and guidelines. Violating them may result in content removal, account suspension or termination, and potential legal action.</span></p>\r\n\r\n<p><span lang=\'en-US\'>We reserve the right to update these disclaimers at any time. Please review them periodically for changes.</span></p>\r\n\r\n<p><span style=\"font-weight: bold;\">7. Question-and-Answer Mechanism:</span></p>\r\n<p><span lang=\'en-US\'>As part of our question-and-answer platform, users are responsible for ensuring that the questions they pose and the answers they provide are in compliance with our guidelines and community standards.</span></p>\r\n\r\n<p><span lang=\'en-US\'>Questions should be relevant, thought-provoking, and aimed at eliciting constructive responses. Answers should be informative, respectful, and based on facts or well-reasoned opinions.</span></p>\r\n\r\n<p><span lang=\'en-US\'>Misuse of the question-and-answer feature, such as posting irrelevant, misleading, or inappropriate questions or answers, or attempting to manipulate the voting process, may result in content removal, account suspension, or termination.</span></p>\r\n\r\n<p><span lang=\'en-US\'>While engaging in the question-and-answer process, users should respect the diversity of thoughts and opinions and avoid derogatory or harmful content that violates our community standards.</span></p>\r\n\r\n<p><span lang=\'en-US\'>The integrity of the question-and-answer process is crucial for maintaining the quality and reliability of our platform. We rely on our users to uphold these standards and contribute positively to the collective knowledge and discourse on </span><span lang=\'en-US\'>Plebscracy</span><span lang=\'en-US\'>.</span></p>\r\n<p><span lang=\'en-US\' style=\"font-weight: bold;\">Remember: Responsible and critical participation is essential on </span><span lang=\'en-US\' style=\"font-weight: bold;\">Plebscracy</span><span lang=\'en-US\' style=\"font-weight: bold;\">. Engaging respectfully, fact-checking information, and avoiding harmful content are vital for a safe and informative platform experience.</span></p>\r\n<p>&nbsp;</p>\r\n</div>\r\n</body>\r\n</html>\r\n','register',0,1712412948,86),
 (3,'<!DOCTYPE html>\r\n<!-- Generated by PHPWord -->\r\n<html lang=\'ru-RU\'>\r\n<head>\r\n<meta charset=\"UTF-8\" />\r\n<title>PHPWord</title>\r\n<meta name=\"author\" content=\"adam jbr\" />\r\n<style>\r\nbody {font-family: \'Arial\'; font-size: 11pt;}\r\n* {font-family: \'Arial\'; font-size: 11pt;}\r\na.NoteRef {text-decoration: none;}\r\nhr {height: 1px; padding: 0; margin: 1em 0; border: 0; border-top: 1px solid #CCC;}\r\ntable {border: 1px solid black; border-spacing: 0px; width : 100%;}\r\ntd {border: 1px solid black;}\r\np, .Normal {margin-bottom: 8pt;}\r\n.Normal Table {table-layout: auto;}\r\nbody > div + div {page-break-before: always;}\r\ndiv > *:first-child {page-break-before: auto;}\r\n@page page1 {size: A4 portrait; margin-right: 1in; margin-left: 1in; margin-top: 1in; margin-bottom: 1in; }\r\n</style>\r\n</head>\r\n<body>\r\n<div style=\'page: page1\'>\r\n<p style=\"text-align: center;\"><span lang=\'en-US\' style=\"font-size: 14pt; font-weight: bold;\">DISCLAIME</span><span lang=\'en-US\' style=\"font-size: 14pt; font-weight: bold;\">R</span><span lang=\'en-US\' style=\"font-size: 14pt; font-weight: bold;\"> </span><span lang=\'en-US\' style=\"font-size: 14pt; font-weight: bold;\">FOR REGISTERED USERS</span></p>\r\n<p style=\"text-align: center;\"><span lang=\'en-US\'>Effective date: 1</span><span lang=\'en-US\' style=\"vertical-align: super;\">st</span><span lang=\'en-US\'> January 2024</span></p>\r\n<p><span lang=\'en-US\'>Plebscracy is committed to fostering an environment of diverse voices and open dialogue, underpinned by responsible participation and critical thinking, particularly in the realms of news and political discourse. By accessing and using our platform, you agree to adhere to the following disclaimers and guidelines:</span></p>\r\n<p><span lang=\'en-US\' style=\"font-weight: bold;\">1. User Responsibility:</span></p>\r\n<p><span lang=\'en-US\'>You bear full responsibility for your User Content and its consequences, including any impact on others. Posting content that is illegal, harmful, or offensive may lead to immediate account termination and potential legal action.</span></p>\r\n<p><span lang=\'en-US\' style=\"font-weight: bold;\">2. Platform Neutrality and Limited Liability:</span></p>\r\n<p><span lang=\'en-US\'>Plebscracy remains neutral and disclaims all liability for any User Content, including misinformation, disinformation, bias, or harm. You, the user, assume full responsibility for your content and its effects.</span></p>\r\n\r\n<p><span lang=\'en-US\'>We encourage respectful dialogue, even when disagreeing. Avoid hate speech, personal attacks, discriminatory remarks, and content inciting violence or illegal activity.</span></p>\r\n<p><span lang=\'en-US\'>&nbsp;</span></p>\r\n<p><span lang=\'en-US\'>Violators will be banned.</span></p>\r\n<p><span lang=\'en-US\'>&nbsp;</span></p>\r\n\r\n<p><span lang=\'en-US\' style=\"font-weight: bold;\">3. Critical Thinking and Information Evaluation:</span></p>\r\n<p><span lang=\'en-US\'>Users are solely responsible for critically evaluating the accuracy, legitimacy, and potential bias of any information encountered on </span></p>\r\n<p><span lang=\'en-US\'>Plebscracy. Fact-checking and considering information sources are crucial.</span></p>\r\n\r\n<p><span lang=\'en-US\'>We encourage open minds and critical thinking when encountering diverse viewpoints, which may challenge your own beliefs</span></p>\r\n<p><span lang=\'en-US\'>. Engage respectfully and avoid spreading misinformation.</span></p>\r\n\r\n<p><span style=\"font-weight: bold;\">4. News </span><span lang=\'en-US\' style=\"font-weight: bold;\">and Political </span><span style=\"font-weight: bold;\">Content:</span></p>\r\n<p><span lang=\'en-US\'>You are solely responsible for assessing the accuracy, legitimacy, and potential bias of any news or political content encountered on Plebscracy. We don&#039;t endorse or validate any content; we are a platform, not a publisher or arbiter of truth.</span></p>\r\n\r\n<p><span lang=\'en-US\'>Posting demonstrably false, misleading, or inciting news or political content may result in content removal and potential legal consequences. Users must adhere to journalistic ethics and avoid fabricating or manipulating information.</span></p>\r\n\r\n<p><span lang=\'en-US\' style=\"font-weight: bold;\">5</span><span lang=\'en-US\' style=\"font-weight: bold;\">. Legal Disclaimers and Limited Warranties:</span></p>\r\n<p><span lang=\'en-US\'>Plebscracy is provided &quot;as-is&quot; without warranties of any kind. We disclaim all warranties, including merchantability, fitness for a purpose, non-infringement, and quiet enjoyment. The Platform may be interrupted, have errors, or be insecure. </span></p>\r\n<p><span lang=\'en-US\'>You use it at your own risk.</span></p>\r\n\r\n<p><span lang=\'en-US\'>Plebscracy will not be liable for any damages arising from your platform use, including direct, indirect, incidental, consequential, punitive, or special damages. This limitation applies regardless of the legal theory on which liability is based.</span></p>\r\n\r\n<p><span lang=\'en-US\' style=\"font-weight: bold;\">6</span><span style=\"font-weight: bold;\">. Compliance and Consequences:</span></p>\r\n<p><span lang=\'en-US\'>By accessing and using Plebscracy,</span></p>\r\n<p><span lang=\'en-US\'>&nbsp;</span></p>\r\n<p><span lang=\'en-US\'>you agree to comply with these disclaimers and guidelines. Violating them may result in content removal, account suspension or termination, and potential legal action.</span></p>\r\n\r\n<p><span lang=\'en-US\'>We reserve the right to update these disclaimers at any time. Please review them periodically for changes.</span></p>\r\n\r\n<p><span style=\"font-weight: bold;\">7. Question-and-Answer Mechanism:</span></p>\r\n<p><span lang=\'en-US\'>As part of our question-and-answer platform, users are responsible for ensuring that the questions they pose and the answers they provide are in compliance with our guidelines and community standards.</span></p>\r\n\r\n<p><span lang=\'en-US\'>Questions should be relevant, thought-provoking, and aimed at eliciting constructive responses. Answers should be informative, respectful, and based on facts or well-reasoned opinions.</span></p>\r\n\r\n<p><span lang=\'en-US\'>Misuse of the question-and-answer feature, such as posting irrelevant, misleading, or inappropriate questions or answers, or attempting to manipulate the voting process, may result in content removal, account suspension, or termination.</span></p>\r\n\r\n<p><span lang=\'en-US\'>While engaging in the question-and-answer process, users should respect the diversity of thoughts and opinions and avoid derogatory or harmful content that violates our community standards.</span></p>\r\n\r\n<p><span lang=\'en-US\'>The integrity of the question-and-answer process is crucial for maintaining the quality and reliability of our platform. We rely on our users to uphold these standards and contribute positively to the collective knowledge and discourse on Plebscracy.</span></p>\r\n<p><span lang=\'en-US\' style=\"font-weight: bold;\">Remember: Responsible and critical participation is essential on Plebscracy. Engaging respectfully, fact-checking information, and avoiding harmful content are vital for a safe and informative platform experience.</span></p>\r\n<p>&nbsp;</p>\r\n</div>\r\n</body>\r\n</html>\r\n','register',1,1712475516,86),
 (4,'<!DOCTYPE html>\r\n<!-- Generated by PHPWord -->\r\n<html lang=\'ru-RU\'>\r\n<head>\r\n<meta charset=\"UTF-8\" />\r\n<title>PHPWord</title>\r\n<meta name=\"author\" content=\"adam jbr\" />\r\n<style>\r\nbody {font-family: \'Arial\'; font-size: 11pt;}\r\n* {font-family: \'Arial\'; font-size: 11pt;}\r\na.NoteRef {text-decoration: none;}\r\nhr {height: 1px; padding: 0; margin: 1em 0; border: 0; border-top: 1px solid #CCC;}\r\ntable {border: 1px solid black; border-spacing: 0px; width : 100%;}\r\ntd {border: 1px solid black;}\r\np, .Normal {margin-bottom: 8pt;}\r\n.Normal Table {table-layout: auto;}\r\nbody > div + div {page-break-before: always;}\r\ndiv > *:first-child {page-break-before: auto;}\r\n@page page1 {size: A4 portrait; margin-right: 1in; margin-left: 1in; margin-top: 1in; margin-bottom: 1in; }\r\n</style>\r\n</head>\r\n<body>\r\n<div style=\'page: page1\'>\r\n<p style=\"text-align: center;\"><span lang=\'en-US\' style=\"font-size: 14pt; font-weight: bold;\">DISCLAIME</span><span lang=\'en-US\' style=\"font-size: 14pt; font-weight: bold;\">R</span><span style=\"font-size: 14pt; font-weight: bold;\"> </span><span lang=\'en-US\' style=\"font-size: 14pt; font-weight: bold;\">FOR </span><span lang=\'en-US\' style=\"font-size: 14pt; font-weight: bold;\">UN</span><span lang=\'en-US\' style=\"font-size: 14pt; font-weight: bold;\">REGISTERED USERS</span></p>\r\n<p style=\"text-align: center;\"><span lang=\'en-US\'>Effective date: 1</span><span lang=\'en-US\' style=\"vertical-align: super;\">st</span><span lang=\'en-US\'> January 2024</span></p>\r\n<p><span lang=\'en-US\'>Plebscracy</span><span lang=\'en-US\'> is committed to fostering an environment of diverse voices and open dialogue, underpinned by responsible participation and critical thinking, particularly in the realms of news and political discourse. </span></p>\r\n<p><span lang=\'en-US\' style=\"font-weight: bold;\">1. </span><span lang=\'en-US\' style=\"font-weight: bold;\">Content Disclaimer</span><span lang=\'en-US\' style=\"font-weight: bold;\">:</span></p>\r\n<p><span lang=\'en-US\'>By accessing the site, you acknowledge that you may be exposed to diverse and conflicting opinions on a variety of issues that may challenge your own beliefs. As a user, you acknowledge that all opinions expressed and information presented are the sole responsibility of the persons providing them. </span><span lang=\'en-US\'>Plebscracy</span><span lang=\'en-US\'> is not responsible for any moral damages, mental distress or emotional injury caused by exposure to different opinions and viewpoints on the platform. Users who may be upset by such content are advised to refrain from using </span><span lang=\'en-US\'>Plebscracy</span><span lang=\'en-US\'>. Further, </span><span lang=\'en-US\'>Plebscracy</span><span lang=\'en-US\'> disclaims any liability for claims arising from such disaster.</span></p>\r\n<p><span lang=\'en-US\'>Plebscracy</span><span lang=\'en-US\'> remains neutral and disclaims any responsibility for any User Content, including misinformation, misinformation, bias or harm</span></p>\r\n<p><span lang=\'en-US\' style=\"font-weight: bold;\">2</span><span lang=\'en-US\' style=\"font-weight: bold;\">. </span><span lang=\'en-US\' style=\"font-weight: bold;\">Errors and Security Disclaimer</span><span lang=\'en-US\' style=\"font-weight: bold;\">:</span></p>\r\n<p><span lang=\'en-US\'>The Platform may be intermittent, have bugs, or be insecure. You use it at your own risk.</span></p>\r\n<p>&nbsp;</p>\r\n</div>\r\n</body>\r\n</html>\r\n','unregister',1,1712476845,86),
 (5,'<!DOCTYPE html>\r\n<!-- Generated by PHPWord -->\r\n<html lang=\'ru-RU\'>\r\n<head>\r\n<meta charset=\"UTF-8\" />\r\n<title>PHPWord</title>\r\n<meta name=\"author\" content=\"adam jbr\" />\r\n<style>\r\nbody {font-family: \'Arial\'; font-size: 11pt;}\r\n* {font-family: \'Arial\'; font-size: 11pt;}\r\na.NoteRef {text-decoration: none;}\r\nhr {height: 1px; padding: 0; margin: 1em 0; border: 0; border-top: 1px solid #CCC;}\r\ntable {border: 1px solid black; border-spacing: 0px; width : 100%;}\r\ntd {border: 1px solid black;}\r\np, .Normal {margin-bottom: 8pt;}\r\n.Normal Table {table-layout: auto;}\r\n.List Paragraph {margin-left: 360in; margin-right: 0in;}\r\nbody > div + div {page-break-before: always;}\r\ndiv > *:first-child {page-break-before: auto;}\r\n@page page1 {size: A4 portrait; margin-right: 1in; margin-left: 1in; margin-top: 1in; margin-bottom: 1in; }\r\n</style>\r\n</head>\r\n<body>\r\n<div style=\'page: page1\'>\r\n<p style=\"text-align: center;\"><span lang=\'en-US\' style=\"font-size: 14pt; font-weight: bold;\">TERMS OF SERVICE</span></p>\r\n<p style=\"text-align: center;\"><span lang=\'en-US\'>www.p</span><span lang=\'en-US\'>lebscracy</span><span lang=\'en-US\'>.com</span></p>\r\n<p style=\"text-align: center;\"><span lang=\'en-US\'>Effective date: 1</span><span lang=\'en-US\' style=\"vertical-align: super;\">st</span><span lang=\'en-US\'> January 2024</span></p>\r\n<p><span lang=\'en-US\' style=\"font-weight: bold;\">Introduction:</span></p>\r\n\r\n<p><span lang=\'en-US\'>Welcome to Plebscracy, an innovative online forum designed to foster vibrant and diverse discussions on political and societal issues. As a dynamic question-and-answer platform, we bridge the gap between knowledge seeking and sharing, offering a unique space for the open exchange of ideas. Our platform is built on the foundation of public discourse, empowering you, the user, to delve into complex topics, challenge prevailing assumptions, and contribute your voice to a more enlightened and engaged citizenry. Whether you&#039;re an experienced commentator or someone newly exploring the intricacies of political discourse, </span></p>\r\n<p><span lang=\'en-US\'>Plebscracy invites you </span><span lang=\'en-US\'>(“User”) </span><span lang=\'en-US\'>to engage in meaningful and insightful conversations. Here, every question posed and every answer given enriches our collective understanding and shapes a community that values informed discussions on a multitude of subjects.</span><span lang=\'en-US\' style=\"display: none;\">Top of Form</span></p>\r\n<p><span style=\"font-weight: bold;\">Your </span></p>\r\n<p><span style=\"font-weight: bold;\">Responsibility</span></p>\r\n<p><span style=\"font-weight: bold;\">:</span></p>\r\n\r\n<p><span lang=\'en-US\'>Plebscracy is </span><span lang=\'en-US\'>recommended</span><span lang=\'en-US\'> to users who are over the age of 18. By accessing Plebscracy, you recognize and accept that you are solely responsible for your contributions and interactions within this forum. As a user, you acknowledge that all opinions expressed and information shared are the exclusive responsibility of the individuals who provided them. In addition to the general responsibilities outlined in these terms, as a user of Plebscracy, you are expected to pose questions that are pertinent and meaningful, offer well-considered answers, and engage in the voting process with integrity and fairness.</span></p>\r\n<p><span style=\"font-weight: bold;\">Acceptance</span></p>\r\n<p><span style=\"font-weight: bold;\">&nbsp;</span></p>\r\n<p><span style=\"font-weight: bold;\">and</span></p>\r\n<p><span style=\"font-weight: bold;\"> Risk </span></p>\r\n<p><span style=\"font-weight: bold;\">Awareness</span></p>\r\n<p><span style=\"font-weight: bold;\">:</span></p>\r\n\r\n<p><span lang=\'en-US\'>By using Plebscracy, you signify your understanding and agreement to these Terms of Service (&quot;Terms&quot;). We reserve the right to modify these Terms at any time without prior notice. You are responsible for regularly reviewing these Terms to stay informed. Your continued use of Plebscracy following any changes constitutes your acceptance of the revised Terms.</span></p>\r\n<p>&nbsp;</p>\r\n</div>\r\n</body>\r\n</html>\r\n','term',0,1712477384,86),
 (6,'<!DOCTYPE html>\r\n<!-- Generated by PHPWord -->\r\n<html lang=\'ru-RU\'>\r\n<head>\r\n<meta charset=\"UTF-8\" />\r\n<title>PHPWord</title>\r\n<meta name=\"author\" content=\"adam jbr\" />\r\n<style>\r\nbody {font-family: \'Arial\'; font-size: 11pt;}\r\n* {font-family: \'Arial\'; font-size: 11pt;}\r\na.NoteRef {text-decoration: none;}\r\nhr {height: 1px; padding: 0; margin: 1em 0; border: 0; border-top: 1px solid #CCC;}\r\ntable {border: 1px solid black; border-spacing: 0px; width : 100%;}\r\ntd {border: 1px solid black;}\r\np, .Normal {margin-bottom: 8pt;}\r\n.Normal Table {table-layout: auto;}\r\n.List Paragraph {margin-left: 360in; margin-right: 0in;}\r\nbody > div + div {page-break-before: always;}\r\ndiv > *:first-child {page-break-before: auto;}\r\n@page page1 {size: A4 portrait; margin-right: 1in; margin-left: 1in; margin-top: 1in; margin-bottom: 1in; }\r\n</style>\r\n</head>\r\n<body>\r\n<div style=\'page: page1\'>\r\n<p style=\"text-align: center;\"><span lang=\'en-US\' style=\"font-size: 14pt; font-weight: bold;\">TERMS OF SERVICE</span></p>\r\n<p style=\"text-align: center;\"><span lang=\'en-US\'>www.p</span><span lang=\'en-US\'>lebscracy</span><span lang=\'en-US\'>.com</span></p>\r\n<p style=\"text-align: center;\"><span lang=\'en-US\'>Effective date: 1</span><span lang=\'en-US\' style=\"vertical-align: super;\">st</span><span lang=\'en-US\'> January 2024</span></p>\r\n<p><span lang=\'en-US\' style=\"font-weight: bold;\">Introduction:</span></p>\r\n\r\n<p><span lang=\'en-US\'>Welcome to Plebscracy, an innovative online forum designed to foster vibrant and diverse discussions on political and societal issues. As a dynamic question-and-answer platform, we bridge the gap between knowledge seeking and sharing, offering a unique space for the open exchange of ideas. Our platform is built on the foundation of public discourse, empowering you, the user, to delve into complex topics, challenge prevailing assumptions, and contribute your voice to a more enlightened and engaged citizenry. Whether you&#039;re an experienced commentator or someone newly exploring the intricacies of political discourse, </span></p>\r\n<p><span lang=\'en-US\'>Plebscracy invites you </span><span lang=\'en-US\'>(“User”) </span><span lang=\'en-US\'>to engage in meaningful and insightful conversations. Here, every question posed and every answer given enriches our collective understanding and shapes a community that values informed discussions on a multitude of subjects</span><span lang=\'en-US\'>.</span></p>\r\n<p><span style=\"font-weight: bold;\">Your</span></p>\r\n<p><span style=\"font-weight: bold;\">&nbsp;</span></p>\r\n<p><span lang=\'en-US\' style=\"font-weight: bold;\">Responsibility</span></p>\r\n<p><span style=\"font-weight: bold;\">:</span></p>\r\n\r\n<p><span lang=\'en-US\'>Plebscracy is </span><span lang=\'en-US\'>recommended</span><span lang=\'en-US\'> to users who are over the age of 18. By accessing Plebscracy, you recognize and accept that you are solely responsible for your contributions and interactions within this forum. As a user, you acknowledge that all opinions expressed and information shared are the exclusive responsibility of the individuals who provided them. In addition to the general responsibilities outlined in these terms, as a user of Plebscracy, you are expected to pose questions that are pertinent and meaningful, offer well-considered answers, and engage in the voting process with integrity and fairness.</span></p>\r\n<p><span lang=\'en-US\' style=\"font-weight: bold;\">Acceptance and Risk Awareness</span></p>\r\n<p><span lang=\'en-US\' style=\"font-weight: bold;\">:</span></p>\r\n\r\n<p><span lang=\'en-US\'>By using Plebscracy, you signify your understanding and agreement to these Terms of Service (&quot;Terms&quot;). We reserve the right to modify these Terms at any time without prior notice. You are responsible for regularly reviewing these Terms to stay informed. Your continued use of Plebscracy following any changes constitutes your acceptance of the revised Terms.</span></p>\r\n<p>&nbsp;</p>\r\n</div>\r\n</body>\r\n</html>\r\n','term',0,1712477505,86),
 (7,'<!DOCTYPE html>\r\n<!-- Generated by PHPWord -->\r\n<html lang=\'ru-RU\'>\r\n<head>\r\n<meta charset=\"UTF-8\" />\r\n<title>PHPWord</title>\r\n<meta name=\"author\" content=\"adam jbr\" />\r\n<style>\r\nbody {font-family: \'Arial\'; font-size: 11pt;}\r\n* {font-family: \'Arial\'; font-size: 11pt;}\r\na.NoteRef {text-decoration: none;}\r\nhr {height: 1px; padding: 0; margin: 1em 0; border: 0; border-top: 1px solid #CCC;}\r\ntable {border: 1px solid black; border-spacing: 0px; width : 100%;}\r\ntd {border: 1px solid black;}\r\np, .Normal {margin-bottom: 8pt;}\r\n.Normal Table {table-layout: auto;}\r\n.List Paragraph {margin-left: 360in; margin-right: 0in;}\r\nbody > div + div {page-break-before: always;}\r\ndiv > *:first-child {page-break-before: auto;}\r\n@page page1 {size: A4 portrait; margin-right: 1in; margin-left: 1in; margin-top: 1in; margin-bottom: 1in; }\r\n</style>\r\n</head>\r\n<body>\r\n<div style=\'page: page1\'>\r\n<p style=\"text-align: center;\"><span lang=\'en-US\' style=\"font-size: 14pt; font-weight: bold;\">TERMS OF SERVICE</span></p>\r\n<p style=\"text-align: center;\"><span lang=\'en-US\'>www.p</span><span lang=\'en-US\'>lebscracy</span><span lang=\'en-US\'>.com</span></p>\r\n<p style=\"text-align: center;\"><span lang=\'en-US\'>Effective date: 1</span><span lang=\'en-US\' style=\"vertical-align: super;\">st</span><span lang=\'en-US\'> January 2024</span></p>\r\n<p><span lang=\'en-US\' style=\"font-weight: bold;\">Introduction:</span></p>\r\n\r\n<p><span lang=\'en-US\'>Welcome to Plebscracy, an innovative online forum designed to foster vibrant and diverse discussions on political and societal issues. As a dynamic question-and-answer platform, we bridge the gap between knowledge seeking and sharing, offering a unique space for the open exchange of ideas. Our platform is built on the foundation of public discourse, empowering you, the user, to delve into complex topics, challenge prevailing assumptions, and contribute your voice to a more enlightened and engaged citizenry. Whether you&#039;re an experienced commentator or someone newly exploring the intricacies of political discourse, </span></p>\r\n<p><span lang=\'en-US\'>Plebscracy invites you </span><span lang=\'en-US\'>(“User”) </span><span lang=\'en-US\'>to engage in meaningful and insightful conversations. Here, every question posed and every answer given enriches our collective understanding and shapes a community that values informed discussions on a multitude of subjects</span><span lang=\'en-US\'>.</span></p>\r\n<p><span lang=\'en-US\' style=\"font-weight: bold;\">Your</span></p>\r\n<p><span lang=\'en-US\' style=\"font-weight: bold;\"> Responsibility</span></p>\r\n<p><span style=\"font-weight: bold;\">:</span></p>\r\n\r\n<p><span lang=\'en-US\'>Plebscracy is </span><span lang=\'en-US\'>recommended</span><span lang=\'en-US\'> to users who are over the age of 18. By accessing Plebscracy, you recognize and accept that you are solely responsible for your contributions and interactions within this forum. As a user, you acknowledge that all opinions expressed and information shared are the exclusive responsibility of the individuals who provided them. In addition to the general responsibilities outlined in these terms, as a user of Plebscracy, you are expected to pose questions that are pertinent and meaningful, offer well-considered answers, and engage in the voting process with integrity and fairness.</span></p>\r\n<p><span lang=\'en-US\' style=\"font-weight: bold;\">Acceptance and Risk Awareness</span></p>\r\n<p><span lang=\'en-US\' style=\"font-weight: bold;\">:</span></p>\r\n\r\n<p><span lang=\'en-US\'>By using Plebscracy, you signify your understanding and agreement to these Terms of Service (&quot;Terms&quot;). We reserve the right to modify these Terms at any time without prior notice. You are responsible for regularly reviewing these Terms to stay informed. Your continued use of Plebscracy following any changes constitutes your acceptance of the revised Terms.</span></p>\r\n<p>&nbsp;</p>\r\n</div>\r\n</body>\r\n</html>\r\n','term',0,1712477550,86),
 (8,'<!DOCTYPE html>\r\n<!-- Generated by PHPWord -->\r\n<html lang=\'ru-RU\'>\r\n<head>\r\n<meta charset=\"UTF-8\" />\r\n<title>PHPWord</title>\r\n<meta name=\"author\" content=\"adam jbr\" />\r\n<style>\r\nbody {font-family: \'Arial\'; font-size: 11pt;}\r\n* {font-family: \'Arial\'; font-size: 11pt;}\r\na.NoteRef {text-decoration: none;}\r\nhr {height: 1px; padding: 0; margin: 1em 0; border: 0; border-top: 1px solid #CCC;}\r\ntable {border: 1px solid black; border-spacing: 0px; width : 100%;}\r\ntd {border: 1px solid black;}\r\np, .Normal {margin-bottom: 8pt;}\r\n.Normal Table {table-layout: auto;}\r\n.Hyperlink {color: #0563C1; text-decoration: underline ;}\r\n.Unresolved Mention {color: #605E5C;}\r\n.List Paragraph {margin-left: 360in; margin-right: 0in;}\r\nbody > div + div {page-break-before: always;}\r\ndiv > *:first-child {page-break-before: auto;}\r\n@page page1 {size: A4 portrait; margin-right: 1in; margin-left: 1in; margin-top: 1in; margin-bottom: 1in; }\r\n</style>\r\n</head>\r\n<body>\r\n<div style=\'page: page1\'>\r\n<p style=\"text-align: center;\"><span lang=\'en-US\' style=\"font-size: 14pt; font-weight: bold;\">PRIVACY POLICY</span></p>\r\n<p style=\"text-align: center;\"><span lang=\'en-US\'>www.p</span><span lang=\'en-US\'>lebscracy</span><span lang=\'en-US\'>.com</span></p>\r\n<p style=\"text-align: center;\"><span lang=\'en-US\'>Effective date: 1</span><span lang=\'en-US\' style=\"vertical-align: super;\">st</span><span lang=\'en-US\'> January 2024</span></p>\r\n<p><span lang=\'en-US\' style=\"font-weight: bold;\">I. Introduction and Scope</span></p>\r\n<p><span lang=\'en-US\'>This Privacy Policy (&quot;Policy&quot;) explains how Plebscracy (&quot;we,&quot; &quot;us,&quot; or &quot;our&quot;) collects, uses, and discloses your personal information (&quot;Personal Data&quot;) when you access and use the Plebscracy website and platform (&quot;Platform&quot;).</span></p>\r\n<p><span lang=\'en-US\' style=\"font-weight: bold;\">1.1. Applicability:</span></p>\r\n<p><span lang=\'en-US\'>This Policy applies to all users of the Platform, regardless of their location. However, we may also provide supplemental or localized versions of this Policy to address specific requirements of regional and national data protection laws, including:</span></p>\r\n<p><span lang=\'en-US\'>Europe: The General Data Protection Regulation (&quot;GDPR&quot;)</span></p>\r\n\r\n<p><span lang=\'en-US\'>Canada: The Personal Information Protection and Electronic Documents Act (&quot;PIPEDA&quot;)</span></p>\r\n\r\n<p><span lang=\'en-US\'>Turkey: The Law on the Protection of Personal Data (&quot;Turkish KVK Law&quot;)</span></p>\r\n\r\n<p><span lang=\'en-US\'>United Arab Emirates: The Data Protection Law (&quot;UAE DPA&quot;)</span></p>\r\n\r\n<p><span lang=\'en-US\'>Israel: The Protection of Privacy Law (&quot;Israeli PDP Law&quot;)</span></p>\r\n\r\n<p><span lang=\'en-US\'>In cases where this Policy conflicts with a provision of a specific regional or national data protection law, the stricter provision shall prevail.</span></p>\r\n<p><span lang=\'en-US\' style=\"font-weight: bold;\">1.2. What is Personal Data?</span></p>\r\n<p><span lang=\'en-US\'>Personal Data means any information that relates to an identified or identifiable individual. </span>This can include, but is not limited to:</p>\r\n<p><span lang=\'en-US\'>Contact information (e.g., name, email address, phone number)</span></p>\r\n\r\n<p><span lang=\'en-US\'>User account information (e.g., username, password)</span></p>\r\n\r\n<p><span lang=\'en-US\'>Usage data (e.g., browsing history, IP address, device information)</span></p>\r\n\r\n<p><span lang=\'en-US\'>Content data (e.g., posts, comments, messages)</span></p>\r\n\r\n<p><span lang=\'en-US\'>Demographic information (e.g., age, gender, location)</span></p>\r\n\r\n<p><span lang=\'en-US\' style=\"font-weight: bold;\">1.3. Purpose of the Policy:</span></p>\r\n<p><span lang=\'en-US\'>This Policy is designed to:</span></p>\r\n<p><span lang=\'en-US\'>Inform you about our data collection and processing practices</span></p>\r\n\r\n<p><span lang=\'en-US\'>Explain your rights regarding your Personal Data</span></p>\r\n\r\n<p><span lang=\'en-US\'>Outline our commitment to protecting your privacy</span></p>\r\n\r\n<p>&nbsp;</p>\r\n</div>\r\n</body>\r\n</html>\r\n','privacy',1,1712477584,86),
 (9,'<!DOCTYPE html>\r\n<!-- Generated by PHPWord -->\r\n<html lang=\'ru-RU\'>\r\n<head>\r\n<meta charset=\"UTF-8\" />\r\n<title>PHPWord</title>\r\n<meta name=\"author\" content=\"Сергей Воложенин\" />\r\n<style>\r\nbody {font-family: \'Arial\'; font-size: 11pt;}\r\n* {font-family: \'Arial\'; font-size: 11pt;}\r\na.NoteRef {text-decoration: none;}\r\nhr {height: 1px; padding: 0; margin: 1em 0; border: 0; border-top: 1px solid #CCC;}\r\ntable {border: 1px solid black; border-spacing: 0px; width : 100%;}\r\ntd {border: 1px solid black;}\r\np, .Normal {margin-bottom: 8pt;}\r\n.Normal Table {table-layout: auto;}\r\nbody > div + div {page-break-before: always;}\r\ndiv > *:first-child {page-break-before: auto;}\r\n@page page1 {size: A4 portrait; margin-right: 0.59027777777778in; margin-left: 1.18125in; margin-top: 0.7875in; margin-bottom: 0.7875in; }\r\n</style>\r\n</head>\r\n<body>\r\n<div style=\'page: page1\'>\r\n<p><span style=\"font-size: 13pt;\">В настоящей Политике использования файлов cookie объясняется, как Plebscracy («мы», «нас» или «наш») использует файлы cookie и аналогичные технологии («Файлы cookie»), когда вы получаете доступ и используете веб-сайт и платформу Plebscracy («Платформа»).</span></p>\r\n<p><span style=\"font-size: 13pt;\">1. Что такое файлы cookie?</span></p>\r\n<p><span style=\"font-size: 13pt;\">Файлы cookie — это небольшие файлы, содержащие данные, которые загружаются на ваше устройство при посещении веб-сайта. Они позволяют веб-сайту запоминать информацию о вашем посещении, такую как настройки вашего браузера и историю посещений. Это может сделать ваши последующие посещения веб-сайта более плавными и персонализированными.</span></p>\r\n<p><span style=\"font-size: 13pt;\">2. Какие типы файлов cookie мы используем?</span></p>\r\n<p><span style=\"font-size: 13pt;\">На Платформе мы используем различные файлы cookie, которые можно разделить на следующие категории:</span></p>\r\n<p><span style=\"font-size: 13pt;\">• Основные файлы cookie. Эти файлы cookie необходимы для правильной работы Платформы и не могут быть отключены. Они позволяют вам перемещаться по Платформе и использовать ее функции, такие как вход в систему и запоминание ваших предпочтений.</span></p>\r\n<p><span style=\"font-size: 13pt;\">• Функциональные файлы cookie. Эти файлы cookie помогают нам улучшить функциональность Платформы и обеспечить более персонализированный опыт. Они позволяют нам запоминать ваши предпочтения и настройки, такие как предпочитаемый вами язык и местоположение.</span></p>\r\n<p><span style=\"font-size: 13pt;\">• Аналитические файлы cookie: эти файлы cookie собирают информацию о том, как вы используете Платформу, например, о страницах, которые вы посещаете, и ссылках, которые вы нажимаете. Мы используем эту информацию для анализа и улучшения Платформы, а также для измерения эффективности наших маркетинговых кампаний.</span></p>\r\n<p>&nbsp;</p>\r\n<p><span style=\"font-size: 13pt;\">• Рекламные файлы cookie. Эти файлы cookie используются для показа вам релевантной рекламы, соответствующей вашим интересам. Они отслеживают ваше поведение при просмотре различных веб-сайтов и создают профиль ваших интересов.</span></p>\r\n<p><span style=\"font-size: 13pt;\">3. Как вы можете контролировать файлы cookie?</span></p>\r\n<p><span style=\"font-size: 13pt;\">Вы можете управлять настройками файлов cookie через настройки браузера. Большинство браузеров позволяют вам блокировать или удалять файлы cookie или настроить ваш браузер так, чтобы он уведомлял вас о получении файла cookie. Однако отключение файлов cookie может ограничить вашу возможность использовать некоторые функции Платформы.</span></p>\r\n<p><span style=\"font-size: 13pt;\">Вы также можете узнать больше об управлении файлами cookie и отказе от рекламы на основе интересов, посетив веб-сайты следующих организаций:</span></p>\r\n<p><span style=\"font-size: 13pt;\">• Альянс цифровой рекламы (DAA): https://digitaladvertisingalliance.org/.</span></p>\r\n<p><span style=\"font-size: 13pt;\">• Инициатива сетевой рекламы (NAI): https://thenai.org/opt-out/.</span></p>\r\n<p><span style=\"font-size: 13pt;\">• Европейский альянс интерактивной цифровой рекламы (EDAA): https://www.youronlinechoices.com/uk/</span></p>\r\n<p><span style=\"font-size: 13pt;\">4. Изменения в настоящей Политике</span></p>\r\n<p><span style=\"font-size: 13pt;\">Мы можем время от времени обновлять настоящую Политику использования файлов cookie. Мы уведомим вас о любых существенных изменениях в Политике, разместив уведомление на Платформе или связавшись с вами напрямую. Мы рекомендуем вам регулярно просматривать настоящую Политику для получения самой последней информации о нашей практике использования файлов cookie.</span></p>\r\n<p><span style=\"font-size: 13pt;\">5. Свяжитесь с нами</span></p>\r\n<p><span style=\"font-size: 13pt;\">Если у вас есть какие-либо вопросы или сомнения по поводу настоящей Политики использования файлов cookie или наших методов обработки данных, свяжитесь с нами по адресу info@plebscracy.com.</span></p>\r\n<p><span style=\"font-size: 13pt;\">Дополнительная информация:</span></p>\r\n<p><span style=\"font-size: 13pt;\">• Настоящую Политику в отношении файлов cookie следует читать вместе с нашей Политикой конфиденциальности, которая предоставляет дополнительную информацию о том, как мы собираем, используем и раскрываем ваши Персональные данные.</span></p>\r\n<p><span style=\"font-size: 13pt;\">• Помимо файлов cookie мы можем использовать другие технологии отслеживания, такие как веб-маяки и пиксельные теги. Эти технологии работают аналогично файлам cookie и используются для сбора информации об использовании вами Платформы.</span></p>\r\n<p><span style=\"font-size: 13pt;\">• Мы можем сотрудничать со сторонними поставщиками услуг, которые используют файлы cookie и другие технологии отслеживания на Платформе. Эти поставщики услуг помогают нам управлять и улучшать Платформу, а также могут собирать информацию об использовании вами Платформы в своих целях.</span></p>\r\n<p><span style=\"font-size: 13pt;\">Мы надеемся, что настоящая Политика в отношении файлов cookie предоставит вам четкую и полную информацию о том, как мы используем файлы cookie на Платформе. Пожалуйста, не стесняйтесь обращаться к нам, если у вас есть какие-либо вопросы.</span></p>\r\n<p>&nbsp;</p>\r\n</div>\r\n</body>\r\n</html>\r\n','cookie',0,1717409402,86),
 (10,'<!DOCTYPE html>\r\n<!-- Generated by PHPWord -->\r\n<html lang=\'ru-RU\'>\r\n<head>\r\n<meta charset=\"UTF-8\" />\r\n<title>PHPWord</title>\r\n<meta name=\"author\" content=\"Сергей Воложенин\" />\r\n<style>\r\nbody {font-family: \'Arial\'; font-size: 11pt;}\r\n* {font-family: \'Arial\'; font-size: 11pt;}\r\na.NoteRef {text-decoration: none;}\r\nhr {height: 1px; padding: 0; margin: 1em 0; border: 0; border-top: 1px solid #CCC;}\r\ntable {border: 1px solid black; border-spacing: 0px; width : 100%;}\r\ntd {border: 1px solid black;}\r\np, .Normal {margin-bottom: 8pt;}\r\n.Normal Table {table-layout: auto;}\r\nbody > div + div {page-break-before: always;}\r\ndiv > *:first-child {page-break-before: auto;}\r\n@page page1 {size: A4 portrait; margin-right: 0.59027777777778in; margin-left: 1.18125in; margin-top: 0.7875in; margin-bottom: 0.7875in; }\r\n</style>\r\n</head>\r\n<body>\r\n<div style=\'page: page1\'>\r\n<p><span style=\"font-size: 13pt;\">В настоящей Политике использования файлов cookie объясняется, как Plebscracy («мы», «нас» или «наш») использует файлы cookie и аналогичные технологии («Файлы cookie»), когда вы получаете доступ и используете веб-сайт и платформу Plebscracy («Платформа»).</span></p>\r\n<p><span style=\"font-size: 13pt;\">1. Что такое файлы cookie?</span></p>\r\n<p><span style=\"font-size: 13pt;\">Файлы cookie — это небольшие файлы, содержащие данные, которые загружаются на ваше устройство при посещении веб-сайта. Они позволяют веб-сайту запоминать информацию о вашем посещении, такую как настройки вашего браузера и историю посещений. Это может сделать ваши последующие посещения веб-сайта более плавными и персонализированными.</span></p>\r\n<p><span style=\"font-size: 13pt;\">2. Какие типы файлов cookie мы используем?</span></p>\r\n<p><span style=\"font-size: 13pt;\">На Платформе мы используем различные файлы cookie, которые можно разделить на следующие категории:</span></p>\r\n<p><span style=\"font-size: 13pt;\">• Основные файлы cookie. Эти файлы cookie необходимы для правильной работы Платформы и не могут быть отключены. Они позволяют вам перемещаться по Платформе и использовать ее функции, такие как вход в систему и запоминание ваших предпочтений.</span></p>\r\n<p><span style=\"font-size: 13pt;\">• Функциональные файлы cookie. Эти файлы cookie помогают нам улучшить функциональность Платформы и обеспечить более персонализированный опыт. Они позволяют нам запоминать ваши предпочтения и настройки, такие как предпочитаемый вами язык и местоположение.</span></p>\r\n<p><span style=\"font-size: 13pt;\">• Аналитические файлы cookie: эти файлы cookie собирают информацию о том, как вы используете Платформу, например, о страницах, которые вы посещаете, и ссылках, которые вы нажимаете. Мы используем эту информацию для анализа и улучшения Платформы, а также для измерения эффективности наших маркетинговых кампаний.</span></p>\r\n<p>&nbsp;</p>\r\n<p><span style=\"font-size: 13pt;\">• Рекламные файлы cookie. Эти файлы cookie используются для показа вам релевантной рекламы, соответствующей вашим интересам. Они отслеживают ваше поведение при просмотре различных веб-сайтов и создают профиль ваших интересов.</span></p>\r\n<p><span style=\"font-size: 13pt;\">3. Как вы можете контролировать файлы cookie?</span></p>\r\n<p><span style=\"font-size: 13pt;\">Вы можете управлять настройками файлов cookie через настройки браузера. Большинство браузеров позволяют вам блокировать или удалять файлы cookie или настроить ваш браузер так, чтобы он уведомлял вас о получении файла cookie. Однако отключение файлов cookie может ограничить вашу возможность использовать некоторые функции Платформы.</span></p>\r\n<p><span style=\"font-size: 13pt;\">Вы также можете узнать больше об управлении файлами cookie и отказе от рекламы на основе интересов, посетив веб-сайты следующих организаций:</span></p>\r\n<p><span style=\"font-size: 13pt;\">• Альянс цифровой рекламы (DAA): https://digitaladvertisingalliance.org/.</span></p>\r\n<p><span style=\"font-size: 13pt;\">• Инициатива сетевой рекламы (NAI): https://thenai.org/opt-out/.</span></p>\r\n<p><span style=\"font-size: 13pt;\">• Европейский альянс интерактивной цифровой рекламы (EDAA): https://www.youronlinechoices.com/uk/</span></p>\r\n<p><span style=\"font-size: 13pt;\">4. Изменения в настоящей Политике</span></p>\r\n<p><span style=\"font-size: 13pt;\">Мы можем время от времени обновлять настоящую Политику использования файлов cookie. Мы уведомим вас о любых существенных изменениях в Политике, разместив уведомление на Платформе или связавшись с вами напрямую. Мы рекомендуем вам регулярно просматривать настоящую Политику для получения самой последней информации о нашей практике использования файлов cookie.</span></p>\r\n<p><span style=\"font-size: 13pt;\">5. Свяжитесь с нами</span></p>\r\n<p><span style=\"font-size: 13pt;\">Если у вас есть какие-либо вопросы или сомнения по поводу настоящей Политики использования файлов cookie или наших методов обработки данных, свяжитесь с нами по адресу info@plebscracy.com.</span></p>\r\n<p><span style=\"font-size: 13pt;\">Дополнительная информация:</span></p>\r\n<p><span style=\"font-size: 13pt;\">• Настоящую Политику в отношении файлов cookie следует читать вместе с нашей Политикой конфиденциальности, которая предоставляет дополнительную информацию о том, как мы собираем, используем и раскрываем ваши Персональные данные.</span></p>\r\n<p><span style=\"font-size: 13pt;\">• Помимо файлов cookie мы можем использовать другие технологии отслеживания, такие как веб-маяки и пиксельные теги. Эти технологии работают аналогично файлам cookie и используются для сбора информации об использовании вами Платформы.</span></p>\r\n<p><span style=\"font-size: 13pt;\">• Мы можем сотрудничать со сторонними поставщиками услуг, которые используют файлы cookie и другие технологии отслеживания на Платформе. Эти поставщики услуг помогают нам управлять и улучшать Платформу, а также могут собирать информацию об использовании вами Платформы в своих целях.</span></p>\r\n<p><span style=\"font-size: 13pt;\">Мы надеемся, что настоящая Политика в отношении файлов cookie предоставит вам четкую и полную информацию о том, как мы используем файлы cookie на Платформе. Пожалуйста, не стесняйтесь обращаться к нам, если у вас есть какие-либо вопросы.</span></p>\r\n<p>&nbsp;</p>\r\n</div>\r\n</body>\r\n</html>\r\n','cookie',0,1717409439,86),
 (11,'<!DOCTYPE html>\r\n<!-- Generated by PHPWord -->\r\n<html lang=\'ru-RU\'>\r\n<head>\r\n<meta charset=\"UTF-8\" />\r\n<title>PHPWord</title>\r\n<meta name=\"author\" content=\"Сергей Воложенин\" />\r\n<style>\r\nbody {font-family: \'Arial\'; font-size: 11pt;}\r\n* {font-family: \'Arial\'; font-size: 11pt;}\r\na.NoteRef {text-decoration: none;}\r\nhr {height: 1px; padding: 0; margin: 1em 0; border: 0; border-top: 1px solid #CCC;}\r\ntable {border: 1px solid black; border-spacing: 0px; width : 100%;}\r\ntd {border: 1px solid black;}\r\np, .Normal {margin-bottom: 8pt;}\r\n.Normal Table {table-layout: auto;}\r\nbody > div + div {page-break-before: always;}\r\ndiv > *:first-child {page-break-before: auto;}\r\n@page page1 {size: A4 portrait; margin-right: 0.59027777777778in; margin-left: 1.18125in; margin-top: 0.7875in; margin-bottom: 0.7875in; }\r\n</style>\r\n</head>\r\n<body>\r\n<div style=\'page: page1\'>\r\n<p><span style=\"font-size: 13pt;\">В настоящей Политике использования файлов cookie объясняется, как Plebscracy («мы», «нас» или «наш») использует файлы cookie и аналогичные технологии («Файлы cookie»), когда вы получаете доступ и используете веб-сайт и платформу Plebscracy («Платформа»).</span></p>\r\n<p><span style=\"font-size: 13pt;\">1. Что такое файлы cookie?</span></p>\r\n<p><span style=\"font-size: 13pt;\">Файлы cookie — это небольшие файлы, содержащие данные, которые загружаются на ваше устройство при посещении веб-сайта. Они позволяют веб-сайту запоминать информацию о вашем посещении, такую как настройки вашего браузера и историю посещений. Это может сделать ваши последующие посещения веб-сайта более плавными и персонализированными.</span></p>\r\n<p><span style=\"font-size: 13pt;\">2. Какие типы файлов cookie мы используем?</span></p>\r\n<p><span style=\"font-size: 13pt;\">На Платформе мы используем различные файлы cookie, которые можно разделить на следующие категории:</span></p>\r\n<p><span style=\"font-size: 13pt;\">• Основные файлы cookie. Эти файлы cookie необходимы для правильной работы Платформы и не могут быть отключены. Они позволяют вам перемещаться по Платформе и использовать ее функции, такие как вход в систему и запоминание ваших предпочтений.</span></p>\r\n<p><span style=\"font-size: 13pt;\">• Функциональные файлы cookie. Эти файлы cookie помогают нам улучшить функциональность Платформы и обеспечить более персонализированный опыт. Они позволяют нам запоминать ваши предпочтения и настройки, такие как предпочитаемый вами язык и местоположение.</span></p>\r\n<p><span style=\"font-size: 13pt;\">• Аналитические файлы cookie: эти файлы cookie собирают информацию о том, как вы используете Платформу, например, о страницах, которые вы посещаете, и ссылках, которые вы нажимаете. Мы используем эту информацию для анализа и улучшения Платформы, а также для измерения эффективности наших маркетинговых кампаний.</span></p>\r\n<p>&nbsp;</p>\r\n<p><span style=\"font-size: 13pt;\">• Рекламные файлы cookie. Эти файлы cookie используются для показа вам релевантной рекламы, соответствующей вашим интересам. Они отслеживают ваше поведение при просмотре различных веб-сайтов и создают профиль ваших интересов.</span></p>\r\n<p><span style=\"font-size: 13pt;\">3. Как вы можете контролировать файлы cookie?</span></p>\r\n<p><span style=\"font-size: 13pt;\">Вы можете управлять настройками файлов cookie через настройки браузера. Большинство браузеров позволяют вам блокировать или удалять файлы cookie или настроить ваш браузер так, чтобы он уведомлял вас о получении файла cookie. Однако отключение файлов cookie может ограничить вашу возможность использовать некоторые функции Платформы.</span></p>\r\n<p><span style=\"font-size: 13pt;\">Вы также можете узнать больше об управлении файлами cookie и отказе от рекламы на основе интересов, посетив веб-сайты следующих организаций:</span></p>\r\n<p><span style=\"font-size: 13pt;\">• Альянс цифровой рекламы (DAA): https://digitaladvertisingalliance.org/.</span></p>\r\n<p><span style=\"font-size: 13pt;\">• Инициатива сетевой рекламы (NAI): https://thenai.org/opt-out/.</span></p>\r\n<p><span style=\"font-size: 13pt;\">• Европейский альянс интерактивной цифровой рекламы (EDAA): https://www.youronlinechoices.com/uk/</span></p>\r\n<p><span style=\"font-size: 13pt;\">4. Изменения в настоящей Политике</span></p>\r\n<p><span style=\"font-size: 13pt;\">Мы можем время от времени обновлять настоящую Политику использования файлов cookie. Мы уведомим вас о любых существенных изменениях в Политике, разместив уведомление на Платформе или связавшись с вами напрямую. Мы рекомендуем вам регулярно просматривать настоящую Политику для получения самой последней информации о нашей практике использования файлов cookie.</span></p>\r\n<p><span style=\"font-size: 13pt;\">5. Свяжитесь с нами</span></p>\r\n<p><span style=\"font-size: 13pt;\">Если у вас есть какие-либо вопросы или сомнения по поводу настоящей Политики использования файлов cookie или наших методов обработки данных, свяжитесь с нами по адресу info@plebscracy.com.</span></p>\r\n<p><span style=\"font-size: 13pt;\">Дополнительная информация:</span></p>\r\n<p><span style=\"font-size: 13pt;\">• Настоящую Политику в отношении файлов cookie следует читать вместе с нашей Политикой конфиденциальности, которая предоставляет дополнительную информацию о том, как мы собираем, используем и раскрываем ваши Персональные данные.</span></p>\r\n<p><span style=\"font-size: 13pt;\">• Помимо файлов cookie мы можем использовать другие технологии отслеживания, такие как веб-маяки и пиксельные теги. Эти технологии работают аналогично файлам cookie и используются для сбора информации об использовании вами Платформы.</span></p>\r\n<p><span style=\"font-size: 13pt;\">• Мы можем сотрудничать со сторонними поставщиками услуг, которые используют файлы cookie и другие технологии отслеживания на Платформе. Эти поставщики услуг помогают нам управлять и улучшать Платформу, а также могут собирать информацию об использовании вами Платформы в своих целях.</span></p>\r\n<p><span style=\"font-size: 13pt;\">Мы надеемся, что настоящая Политика в отношении файлов cookie предоставит вам четкую и полную информацию о том, как мы используем файлы cookie на Платформе. Пожалуйста, не стесняйтесь обращаться к нам, если у вас есть какие-либо вопросы.</span></p>\r\n<p>&nbsp;</p>\r\n</div>\r\n</body>\r\n</html>\r\n','cookie',0,1717409489,86),
 (12,'<!DOCTYPE html>\r\n<!-- Generated by PHPWord -->\r\n<html lang=\'ru-RU\'>\r\n<head>\r\n<meta charset=\"UTF-8\" />\r\n<title>PHPWord</title>\r\n<meta name=\"author\" content=\"Сергей Воложенин\" />\r\n<style>\r\nbody {font-family: \'Arial\'; font-size: 11pt;}\r\n* {font-family: \'Arial\'; font-size: 11pt;}\r\na.NoteRef {text-decoration: none;}\r\nhr {height: 1px; padding: 0; margin: 1em 0; border: 0; border-top: 1px solid #CCC;}\r\ntable {border: 1px solid black; border-spacing: 0px; width : 100%;}\r\ntd {border: 1px solid black;}\r\np, .Normal {margin-bottom: 8pt;}\r\n.Normal Table {table-layout: auto;}\r\nbody > div + div {page-break-before: always;}\r\ndiv > *:first-child {page-break-before: auto;}\r\n@page page1 {size: A4 portrait; margin-right: 0.59027777777778in; margin-left: 1.18125in; margin-top: 0.7875in; margin-bottom: 0.7875in; }\r\n</style>\r\n</head>\r\n<body>\r\n<div style=\'page: page1\'>\r\n<p><span style=\"font-size: 13pt;\">В настоящей Политике использования файлов cookie объясняется, как Plebscracy («мы», «нас» или «наш») использует файлы cookie и аналогичные технологии («Файлы cookie»), когда вы получаете доступ и используете веб-сайт и платформу Plebscracy («Платформа»).</span></p>\r\n<p><span style=\"font-size: 13pt;\">1. Что такое файлы cookie?</span></p>\r\n<p><span style=\"font-size: 13pt;\">Файлы cookie — это небольшие файлы, содержащие данные, которые загружаются на ваше устройство при посещении веб-сайта. Они позволяют веб-сайту запоминать информацию о вашем посещении, такую как настройки вашего браузера и историю посещений. Это может сделать ваши последующие посещения веб-сайта более плавными и персонализированными.</span></p>\r\n<p><span style=\"font-size: 13pt;\">2. Какие типы файлов cookie мы используем?</span></p>\r\n<p><span style=\"font-size: 13pt;\">На Платформе мы используем различные файлы cookie, которые можно разделить на следующие категории:</span></p>\r\n<p><span style=\"font-size: 13pt;\">• Основные файлы cookie. Эти файлы cookie необходимы для правильной работы Платформы и не могут быть отключены. Они позволяют вам перемещаться по Платформе и использовать ее функции, такие как вход в систему и запоминание ваших предпочтений.</span></p>\r\n<p><span style=\"font-size: 13pt;\">• Функциональные файлы cookie. Эти файлы cookie помогают нам улучшить функциональность Платформы и обеспечить более персонализированный опыт. Они позволяют нам запоминать ваши предпочтения и настройки, такие как предпочитаемый вами язык и местоположение.</span></p>\r\n<p><span style=\"font-size: 13pt;\">• Аналитические файлы cookie: эти файлы cookie собирают информацию о том, как вы используете Платформу, например, о страницах, которые вы посещаете, и ссылках, которые вы нажимаете. Мы используем эту информацию для анализа и улучшения Платформы, а также для измерения эффективности наших маркетинговых кампаний.</span></p>\r\n<p>&nbsp;</p>\r\n<p><span style=\"font-size: 13pt;\">• Рекламные файлы cookie. Эти файлы cookie используются для показа вам релевантной рекламы, соответствующей вашим интересам. Они отслеживают ваше поведение при просмотре различных веб-сайтов и создают профиль ваших интересов.</span></p>\r\n<p><span style=\"font-size: 13pt;\">3. Как вы можете контролировать файлы cookie?</span></p>\r\n<p><span style=\"font-size: 13pt;\">Вы можете управлять настройками файлов cookie через настройки браузера. Большинство браузеров позволяют вам блокировать или удалять файлы cookie или настроить ваш браузер так, чтобы он уведомлял вас о получении файла cookie. Однако отключение файлов cookie может ограничить вашу возможность использовать некоторые функции Платформы.</span></p>\r\n<p><span style=\"font-size: 13pt;\">Вы также можете узнать больше об управлении файлами cookie и отказе от рекламы на основе интересов, посетив веб-сайты следующих организаций:</span></p>\r\n<p><span style=\"font-size: 13pt;\">• Альянс цифровой рекламы (DAA): https://digitaladvertisingalliance.org/.</span></p>\r\n<p><span style=\"font-size: 13pt;\">• Инициатива сетевой рекламы (NAI): https://thenai.org/opt-out/.</span></p>\r\n<p><span style=\"font-size: 13pt;\">• Европейский альянс интерактивной цифровой рекламы (EDAA): https://www.youronlinechoices.com/uk/</span></p>\r\n<p><span style=\"font-size: 13pt;\">4. Изменения в настоящей Политике</span></p>\r\n<p><span style=\"font-size: 13pt;\">Мы можем время от времени обновлять настоящую Политику использования файлов cookie. Мы уведомим вас о любых существенных изменениях в Политике, разместив уведомление на Платформе или связавшись с вами напрямую. Мы рекомендуем вам регулярно просматривать настоящую Политику для получения самой последней информации о нашей практике использования файлов cookie.</span></p>\r\n<p><span style=\"font-size: 13pt;\">5. Свяжитесь с нами</span></p>\r\n<p><span style=\"font-size: 13pt;\">Если у вас есть какие-либо вопросы или сомнения по поводу настоящей Политики использования файлов cookie или наших методов обработки данных, свяжитесь с нами по адресу info@plebscracy.com.</span></p>\r\n<p><span style=\"font-size: 13pt;\">Дополнительная информация:</span></p>\r\n<p><span style=\"font-size: 13pt;\">• Настоящую Политику в отношении файлов cookie следует читать вместе с нашей Политикой конфиденциальности, которая предоставляет дополнительную информацию о том, как мы собираем, используем и раскрываем ваши Персональные данные.</span></p>\r\n<p><span style=\"font-size: 13pt;\">• Помимо файлов cookie мы можем использовать другие технологии отслеживания, такие как веб-маяки и пиксельные теги. Эти технологии работают аналогично файлам cookie и используются для сбора информации об использовании вами Платформы.</span></p>\r\n<p><span style=\"font-size: 13pt;\">• Мы можем сотрудничать со сторонними поставщиками услуг, которые используют файлы cookie и другие технологии отслеживания на Платформе. Эти поставщики услуг помогают нам управлять и улучшать Платформу, а также могут собирать информацию об использовании вами Платформы в своих целях.</span></p>\r\n<p><span style=\"font-size: 13pt;\">Мы надеемся, что настоящая Политика в отношении файлов cookie предоставит вам четкую и полную информацию о том, как мы используем файлы cookie на Платформе. Пожалуйста, не стесняйтесь обращаться к нам, если у вас есть какие-либо вопросы.</span></p>\r\n<p>&nbsp;</p>\r\n</div>\r\n</body>\r\n</html>\r\n','cookie',0,1717409521,86);
INSERT INTO `docs` (`id`,`text`,`href`,`status`,`data`,`user`) VALUES 
 (13,'<!DOCTYPE html>\r\n<!-- Generated by PHPWord -->\r\n<html lang=\'ru-RU\'>\r\n<head>\r\n<meta charset=\"UTF-8\" />\r\n<title>PHPWord</title>\r\n<meta name=\"author\" content=\"Сергей Воложенин\" />\r\n<style>\r\nbody {font-family: \'Arial\'; font-size: 11pt;}\r\n* {font-family: \'Arial\'; font-size: 11pt;}\r\na.NoteRef {text-decoration: none;}\r\nhr {height: 1px; padding: 0; margin: 1em 0; border: 0; border-top: 1px solid #CCC;}\r\ntable {border: 1px solid black; border-spacing: 0px; width : 100%;}\r\ntd {border: 1px solid black;}\r\np, .Normal {margin-bottom: 8pt;}\r\n.Normal Table {table-layout: auto;}\r\nbody > div + div {page-break-before: always;}\r\ndiv > *:first-child {page-break-before: auto;}\r\n@page page1 {size: A4 portrait; margin-right: 0.59027777777778in; margin-left: 1.18125in; margin-top: 0.7875in; margin-bottom: 0.7875in; }\r\n</style>\r\n</head>\r\n<body>\r\n<div style=\'page: page1\'>\r\n<p><span style=\"font-size: 13pt;\">В настоящей Политике использования файлов cookie объясняется, как Plebscracy («мы», «нас» или «наш») использует файлы cookie и аналогичные технологии («Файлы cookie»), когда вы получаете доступ и используете веб-сайт и платформу Plebscracy («Платформа»).</span></p>\r\n<p><span style=\"font-size: 13pt;\">1. Что такое файлы cookie?</span></p>\r\n<p><span style=\"font-size: 13pt;\">Файлы cookie — это небольшие файлы, содержащие данные, которые загружаются на ваше устройство при посещении веб-сайта. Они позволяют веб-сайту запоминать информацию о вашем посещении, такую как настройки вашего браузера и историю посещений. Это может сделать ваши последующие посещения веб-сайта более плавными и персонализированными.</span></p>\r\n<p><span style=\"font-size: 13pt;\">2. Какие типы файлов cookie мы используем?</span></p>\r\n<p><span style=\"font-size: 13pt;\">На Платформе мы используем различные файлы cookie, которые можно разделить на следующие категории:</span></p>\r\n<p><span style=\"font-size: 13pt;\">• Основные файлы cookie. Эти файлы cookie необходимы для правильной работы Платформы и не могут быть отключены. Они позволяют вам перемещаться по Платформе и использовать ее функции, такие как вход в систему и запоминание ваших предпочтений.</span></p>\r\n<p><span style=\"font-size: 13pt;\">• Функциональные файлы cookie. Эти файлы cookie помогают нам улучшить функциональность Платформы и обеспечить более персонализированный опыт. Они позволяют нам запоминать ваши предпочтения и настройки, такие как предпочитаемый вами язык и местоположение.</span></p>\r\n<p><span style=\"font-size: 13pt;\">• Аналитические файлы cookie: эти файлы cookie собирают информацию о том, как вы используете Платформу, например, о страницах, которые вы посещаете, и ссылках, которые вы нажимаете. Мы используем эту информацию для анализа и улучшения Платформы, а также для измерения эффективности наших маркетинговых кампаний.</span></p>\r\n<p>&nbsp;</p>\r\n<p><span style=\"font-size: 13pt;\">• Рекламные файлы cookie. Эти файлы cookie используются для показа вам релевантной рекламы, соответствующей вашим интересам. Они отслеживают ваше поведение при просмотре различных веб-сайтов и создают профиль ваших интересов.</span></p>\r\n<p><span style=\"font-size: 13pt;\">3. Как вы можете контролировать файлы cookie?</span></p>\r\n<p><span style=\"font-size: 13pt;\">Вы можете управлять настройками файлов cookie через настройки браузера. Большинство браузеров позволяют вам блокировать или удалять файлы cookie или настроить ваш браузер так, чтобы он уведомлял вас о получении файла cookie. Однако отключение файлов cookie может ограничить вашу возможность использовать некоторые функции Платформы.</span></p>\r\n<p><span style=\"font-size: 13pt;\">Вы также можете узнать больше об управлении файлами cookie и отказе от рекламы на основе интересов, посетив веб-сайты следующих организаций:</span></p>\r\n<p><span style=\"font-size: 13pt;\">• Альянс цифровой рекламы (DAA): https://digitaladvertisingalliance.org/.</span></p>\r\n<p><span style=\"font-size: 13pt;\">• Инициатива сетевой рекламы (NAI): https://thenai.org/opt-out/.</span></p>\r\n<p><span style=\"font-size: 13pt;\">• Европейский альянс интерактивной цифровой рекламы (EDAA): https://www.youronlinechoices.com/uk/</span></p>\r\n<p><span style=\"font-size: 13pt;\">4. Изменения в настоящей Политике</span></p>\r\n<p><span style=\"font-size: 13pt;\">Мы можем время от времени обновлять настоящую Политику использования файлов cookie. Мы уведомим вас о любых существенных изменениях в Политике, разместив уведомление на Платформе или связавшись с вами напрямую. Мы рекомендуем вам регулярно просматривать настоящую Политику для получения самой последней информации о нашей практике использования файлов cookie.</span></p>\r\n<p><span style=\"font-size: 13pt;\">5. Свяжитесь с нами</span></p>\r\n<p><span style=\"font-size: 13pt;\">Если у вас есть какие-либо вопросы или сомнения по поводу настоящей Политики использования файлов cookie или наших методов обработки данных, свяжитесь с нами по адресу info@plebscracy.com.</span></p>\r\n<p><span style=\"font-size: 13pt;\">Дополнительная информация:</span></p>\r\n<p><span style=\"font-size: 13pt;\">• Настоящую Политику в отношении файлов cookie следует читать вместе с нашей Политикой конфиденциальности, которая предоставляет дополнительную информацию о том, как мы собираем, используем и раскрываем ваши Персональные данные.</span></p>\r\n<p><span style=\"font-size: 13pt;\">• Помимо файлов cookie мы можем использовать другие технологии отслеживания, такие как веб-маяки и пиксельные теги. Эти технологии работают аналогично файлам cookie и используются для сбора информации об использовании вами Платформы.</span></p>\r\n<p><span style=\"font-size: 13pt;\">• Мы можем сотрудничать со сторонними поставщиками услуг, которые используют файлы cookie и другие технологии отслеживания на Платформе. Эти поставщики услуг помогают нам управлять и улучшать Платформу, а также могут собирать информацию об использовании вами Платформы в своих целях.</span></p>\r\n<p><span style=\"font-size: 13pt;\">Мы надеемся, что настоящая Политика в отношении файлов cookie предоставит вам четкую и полную информацию о том, как мы используем файлы cookie на Платформе. Пожалуйста, не стесняйтесь обращаться к нам, если у вас есть какие-либо вопросы.</span></p>\r\n<p>&nbsp;</p>\r\n</div>\r\n</body>\r\n</html>\r\n','cookie',0,1717409675,86),
 (14,'<!DOCTYPE html>\r\n<!-- Generated by PHPWord -->\r\n<html lang=\'ru-RU\'>\r\n<head>\r\n<meta charset=\"UTF-8\" />\r\n<title>PHPWord</title>\r\n<meta name=\"author\" content=\"Сергей Воложенин\" />\r\n<style>\r\nbody {font-family: \'Arial\'; font-size: 11pt;}\r\n* {font-family: \'Arial\'; font-size: 11pt;}\r\na.NoteRef {text-decoration: none;}\r\nhr {height: 1px; padding: 0; margin: 1em 0; border: 0; border-top: 1px solid #CCC;}\r\ntable {border: 1px solid black; border-spacing: 0px; width : 100%;}\r\ntd {border: 1px solid black;}\r\np, .Normal {margin-bottom: 8pt;}\r\n.Normal Table {table-layout: auto;}\r\nbody > div + div {page-break-before: always;}\r\ndiv > *:first-child {page-break-before: auto;}\r\n@page page1 {size: A4 portrait; margin-right: 0.59027777777778in; margin-left: 1.18125in; margin-top: 0.7875in; margin-bottom: 0.7875in; }\r\n</style>\r\n</head>\r\n<body>\r\n<div style=\'page: page1\'>\r\n<p><span style=\"font-size: 13pt;\">В настоящей Политике использования файлов cookie объясняется, как Plebscracy («мы», «нас» или «наш») использует файлы cookie и аналогичные технологии («Файлы cookie»), когда вы получаете доступ и используете веб-сайт и платформу Plebscracy («Платформа»).</span></p>\r\n<p><span style=\"font-size: 13pt;\">1. Что такое файлы cookie?</span></p>\r\n<p><span style=\"font-size: 13pt;\">Файлы cookie — это небольшие файлы, содержащие данные, которые загружаются на ваше устройство при посещении веб-сайта. Они позволяют веб-сайту запоминать информацию о вашем посещении, такую как настройки вашего браузера и историю посещений. Это может сделать ваши последующие посещения веб-сайта более плавными и персонализированными.</span></p>\r\n<p><span style=\"font-size: 13pt;\">2. Какие типы файлов cookie мы используем?</span></p>\r\n<p><span style=\"font-size: 13pt;\">На Платформе мы используем различные файлы cookie, которые можно разделить на следующие категории:</span></p>\r\n<p><span style=\"font-size: 13pt;\">• Основные файлы cookie. Эти файлы cookie необходимы для правильной работы Платформы и не могут быть отключены. Они позволяют вам перемещаться по Платформе и использовать ее функции, такие как вход в систему и запоминание ваших предпочтений.</span></p>\r\n<p><span style=\"font-size: 13pt;\">• Функциональные файлы cookie. Эти файлы cookie помогают нам улучшить функциональность Платформы и обеспечить более персонализированный опыт. Они позволяют нам запоминать ваши предпочтения и настройки, такие как предпочитаемый вами язык и местоположение.</span></p>\r\n<p><span style=\"font-size: 13pt;\">• Аналитические файлы cookie: эти файлы cookie собирают информацию о том, как вы используете Платформу, например, о страницах, которые вы посещаете, и ссылках, которые вы нажимаете. Мы используем эту информацию для анализа и улучшения Платформы, а также для измерения эффективности наших маркетинговых кампаний.</span></p>\r\n<p>&nbsp;</p>\r\n<p><span style=\"font-size: 13pt;\">• Рекламные файлы cookie. Эти файлы cookie используются для показа вам релевантной рекламы, соответствующей вашим интересам. Они отслеживают ваше поведение при просмотре различных веб-сайтов и создают профиль ваших интересов.</span></p>\r\n<p><span style=\"font-size: 13pt;\">3. Как вы можете контролировать файлы cookie?</span></p>\r\n<p><span style=\"font-size: 13pt;\">Вы можете управлять настройками файлов cookie через настройки браузера. Большинство браузеров позволяют вам блокировать или удалять файлы cookie или настроить ваш браузер так, чтобы он уведомлял вас о получении файла cookie. Однако отключение файлов cookie может ограничить вашу возможность использовать некоторые функции Платформы.</span></p>\r\n<p><span style=\"font-size: 13pt;\">Вы также можете узнать больше об управлении файлами cookie и отказе от рекламы на основе интересов, посетив веб-сайты следующих организаций:</span></p>\r\n<p><span style=\"font-size: 13pt;\">• Альянс цифровой рекламы (DAA): https://digitaladvertisingalliance.org/.</span></p>\r\n<p><span style=\"font-size: 13pt;\">• Инициатива сетевой рекламы (NAI): https://thenai.org/opt-out/.</span></p>\r\n<p><span style=\"font-size: 13pt;\">• Европейский альянс интерактивной цифровой рекламы (EDAA): https://www.youronlinechoices.com/uk/</span></p>\r\n<p><span style=\"font-size: 13pt;\">4. Изменения в настоящей Политике</span></p>\r\n<p><span style=\"font-size: 13pt;\">Мы можем время от времени обновлять настоящую Политику использования файлов cookie. Мы уведомим вас о любых существенных изменениях в Политике, разместив уведомление на Платформе или связавшись с вами напрямую. Мы рекомендуем вам регулярно просматривать настоящую Политику для получения самой последней информации о нашей практике использования файлов cookie.</span></p>\r\n<p><span style=\"font-size: 13pt;\">5. Свяжитесь с нами</span></p>\r\n<p><span style=\"font-size: 13pt;\">Если у вас есть какие-либо вопросы или сомнения по поводу настоящей Политики использования файлов cookie или наших методов обработки данных, свяжитесь с нами по адресу info@plebscracy.com.</span></p>\r\n<p><span style=\"font-size: 13pt;\">Дополнительная информация:</span></p>\r\n<p><span style=\"font-size: 13pt;\">• Настоящую Политику в отношении файлов cookie следует читать вместе с нашей Политикой конфиденциальности, которая предоставляет дополнительную информацию о том, как мы собираем, используем и раскрываем ваши Персональные данные.</span></p>\r\n<p><span style=\"font-size: 13pt;\">• Помимо файлов cookie мы можем использовать другие технологии отслеживания, такие как веб-маяки и пиксельные теги. Эти технологии работают аналогично файлам cookie и используются для сбора информации об использовании вами Платформы.</span></p>\r\n<p><span style=\"font-size: 13pt;\">• Мы можем сотрудничать со сторонними поставщиками услуг, которые используют файлы cookie и другие технологии отслеживания на Платформе. Эти поставщики услуг помогают нам управлять и улучшать Платформу, а также могут собирать информацию об использовании вами Платформы в своих целях.</span></p>\r\n<p><span style=\"font-size: 13pt;\">Мы надеемся, что настоящая Политика в отношении файлов cookie предоставит вам четкую и полную информацию о том, как мы используем файлы cookie на Платформе. Пожалуйста, не стесняйтесь обращаться к нам, если у вас есть какие-либо вопросы.</span></p>\r\n<p>&nbsp;</p>\r\n</div>\r\n</body>\r\n</html>\r\n','cookie',0,1717409800,86),
 (15,'<!DOCTYPE html>\r\n<!-- Generated by PHPWord -->\r\n<html lang=\'ru-RU\'>\r\n<head>\r\n<meta charset=\"UTF-8\" />\r\n<title>PHPWord</title>\r\n<meta name=\"author\" content=\"Сергей Воложенин\" />\r\n<style>\r\nbody {font-family: \'Arial\'; font-size: 11pt;}\r\n* {font-family: \'Arial\'; font-size: 11pt;}\r\na.NoteRef {text-decoration: none;}\r\nhr {height: 1px; padding: 0; margin: 1em 0; border: 0; border-top: 1px solid #CCC;}\r\ntable {border: 1px solid black; border-spacing: 0px; width : 100%;}\r\ntd {border: 1px solid black;}\r\np, .Normal {margin-bottom: 8pt;}\r\n.Normal Table {table-layout: auto;}\r\nbody > div + div {page-break-before: always;}\r\ndiv > *:first-child {page-break-before: auto;}\r\n@page page1 {size: A4 portrait; margin-right: 0.59027777777778in; margin-left: 1.18125in; margin-top: 0.7875in; margin-bottom: 0.7875in; }\r\n</style>\r\n</head>\r\n<body>\r\n<div style=\'page: page1\'>\r\n<p><span style=\"font-size: 13pt;\">В настоящей Политике использования файлов cookie объясняется, как Plebscracy («мы», «нас» или «наш») использует файлы cookie и аналогичные технологии («Файлы cookie»), когда вы получаете доступ и используете веб-сайт и платформу Plebscracy («Платформа»).</span></p>\r\n<p><span style=\"font-size: 13pt;\">1. Что такое файлы cookie?</span></p>\r\n<p><span style=\"font-size: 13pt;\">Файлы cookie — это небольшие файлы, содержащие данные, которые загружаются на ваше устройство при посещении веб-сайта. Они позволяют веб-сайту запоминать информацию о вашем посещении, такую как настройки вашего браузера и историю посещений. Это может сделать ваши последующие посещения веб-сайта более плавными и персонализированными.</span></p>\r\n<p><span style=\"font-size: 13pt;\">2. Какие типы файлов cookie мы используем?</span></p>\r\n<p><span style=\"font-size: 13pt;\">На Платформе мы используем различные файлы cookie, которые можно разделить на следующие категории:</span></p>\r\n<p><span style=\"font-size: 13pt;\">• Основные файлы cookie. Эти файлы cookie необходимы для правильной работы Платформы и не могут быть отключены. Они позволяют вам перемещаться по Платформе и использовать ее функции, такие как вход в систему и запоминание ваших предпочтений.</span></p>\r\n<p><span style=\"font-size: 13pt;\">• Функциональные файлы cookie. Эти файлы cookie помогают нам улучшить функциональность Платформы и обеспечить более персонализированный опыт. Они позволяют нам запоминать ваши предпочтения и настройки, такие как предпочитаемый вами язык и местоположение.</span></p>\r\n<p><span style=\"font-size: 13pt;\">• Аналитические файлы cookie: эти файлы cookie собирают информацию о том, как вы используете Платформу, например, о страницах, которые вы посещаете, и ссылках, которые вы нажимаете. Мы используем эту информацию для анализа и улучшения Платформы, а также для измерения эффективности наших маркетинговых кампаний.</span></p>\r\n<p>&nbsp;</p>\r\n<p><span style=\"font-size: 13pt;\">• Рекламные файлы cookie. Эти файлы cookie используются для показа вам релевантной рекламы, соответствующей вашим интересам. Они отслеживают ваше поведение при просмотре различных веб-сайтов и создают профиль ваших интересов.</span></p>\r\n<p><span style=\"font-size: 13pt;\">3. Как вы можете контролировать файлы cookie?</span></p>\r\n<p><span style=\"font-size: 13pt;\">Вы можете управлять настройками файлов cookie через настройки браузера. Большинство браузеров позволяют вам блокировать или удалять файлы cookie или настроить ваш браузер так, чтобы он уведомлял вас о получении файла cookie. Однако отключение файлов cookie может ограничить вашу возможность использовать некоторые функции Платформы.</span></p>\r\n<p><span style=\"font-size: 13pt;\">Вы также можете узнать больше об управлении файлами cookie и отказе от рекламы на основе интересов, посетив веб-сайты следующих организаций:</span></p>\r\n<p><span style=\"font-size: 13pt;\">• Альянс цифровой рекламы (DAA): https://digitaladvertisingalliance.org/.</span></p>\r\n<p><span style=\"font-size: 13pt;\">• Инициатива сетевой рекламы (NAI): https://thenai.org/opt-out/.</span></p>\r\n<p><span style=\"font-size: 13pt;\">• Европейский альянс интерактивной цифровой рекламы (EDAA): https://www.youronlinechoices.com/uk/</span></p>\r\n<p><span style=\"font-size: 13pt;\">4. Изменения в настоящей Политике</span></p>\r\n<p><span style=\"font-size: 13pt;\">Мы можем время от времени обновлять настоящую Политику использования файлов cookie. Мы уведомим вас о любых существенных изменениях в Политике, разместив уведомление на Платформе или связавшись с вами напрямую. Мы рекомендуем вам регулярно просматривать настоящую Политику для получения самой последней информации о нашей практике использования файлов cookie.</span></p>\r\n<p><span style=\"font-size: 13pt;\">5. Свяжитесь с нами</span></p>\r\n<p><span style=\"font-size: 13pt;\">Если у вас есть какие-либо вопросы или сомнения по поводу настоящей Политики использования файлов cookie или наших методов обработки данных, свяжитесь с нами по адресу info@plebscracy.com.</span></p>\r\n<p><span style=\"font-size: 13pt;\">Дополнительная информация:</span></p>\r\n<p><span style=\"font-size: 13pt;\">• Настоящую Политику в отношении файлов cookie следует читать вместе с нашей Политикой конфиденциальности, которая предоставляет дополнительную информацию о том, как мы собираем, используем и раскрываем ваши Персональные данные.</span></p>\r\n<p><span style=\"font-size: 13pt;\">• Помимо файлов cookie мы можем использовать другие технологии отслеживания, такие как веб-маяки и пиксельные теги. Эти технологии работают аналогично файлам cookie и используются для сбора информации об использовании вами Платформы.</span></p>\r\n<p><span style=\"font-size: 13pt;\">• Мы можем сотрудничать со сторонними поставщиками услуг, которые используют файлы cookie и другие технологии отслеживания на Платформе. Эти поставщики услуг помогают нам управлять и улучшать Платформу, а также могут собирать информацию об использовании вами Платформы в своих целях.</span></p>\r\n<p><span style=\"font-size: 13pt;\">Мы надеемся, что настоящая Политика в отношении файлов cookie предоставит вам четкую и полную информацию о том, как мы используем файлы cookie на Платформе. Пожалуйста, не стесняйтесь обращаться к нам, если у вас есть какие-либо вопросы.</span></p>\r\n<p>&nbsp;</p>\r\n</div>\r\n</body>\r\n</html>\r\n','cookie',0,1717409802,86),
 (16,'<!DOCTYPE html>\r\n<!-- Generated by PHPWord -->\r\n<html lang=\'ru-RU\'>\r\n<head>\r\n<meta charset=\"UTF-8\" />\r\n<title>PHPWord</title>\r\n<meta name=\"author\" content=\"Сергей Воложенин\" />\r\n<style>\r\nbody {font-family: \'Arial\'; font-size: 11pt;}\r\n* {font-family: \'Arial\'; font-size: 11pt;}\r\na.NoteRef {text-decoration: none;}\r\nhr {height: 1px; padding: 0; margin: 1em 0; border: 0; border-top: 1px solid #CCC;}\r\ntable {border: 1px solid black; border-spacing: 0px; width : 100%;}\r\ntd {border: 1px solid black;}\r\np, .Normal {margin-bottom: 8pt;}\r\n.Normal Table {table-layout: auto;}\r\nbody > div + div {page-break-before: always;}\r\ndiv > *:first-child {page-break-before: auto;}\r\n@page page1 {size: A4 portrait; margin-right: 0.59027777777778in; margin-left: 1.18125in; margin-top: 0.7875in; margin-bottom: 0.7875in; }\r\n</style>\r\n</head>\r\n<body>\r\n<div style=\'page: page1\'>\r\n<p><span style=\"font-size: 13pt;\">В настоящей Политике использования файлов cookie объясняется, как Plebscracy («мы», «нас» или «наш») использует файлы cookie и аналогичные технологии («Файлы cookie»), когда вы получаете доступ и используете веб-сайт и платформу Plebscracy («Платформа»).</span></p>\r\n<p><span style=\"font-size: 13pt;\">1. Что такое файлы cookie?</span></p>\r\n<p><span style=\"font-size: 13pt;\">Файлы cookie — это небольшие файлы, содержащие данные, которые загружаются на ваше устройство при посещении веб-сайта. Они позволяют веб-сайту запоминать информацию о вашем посещении, такую как настройки вашего браузера и историю посещений. Это может сделать ваши последующие посещения веб-сайта более плавными и персонализированными.</span></p>\r\n<p><span style=\"font-size: 13pt;\">2. Какие типы файлов cookie мы используем?</span></p>\r\n<p><span style=\"font-size: 13pt;\">На Платформе мы используем различные файлы cookie, которые можно разделить на следующие категории:</span></p>\r\n<p><span style=\"font-size: 13pt;\">• Основные файлы cookie. Эти файлы cookie необходимы для правильной работы Платформы и не могут быть отключены. Они позволяют вам перемещаться по Платформе и использовать ее функции, такие как вход в систему и запоминание ваших предпочтений.</span></p>\r\n<p><span style=\"font-size: 13pt;\">• Функциональные файлы cookie. Эти файлы cookie помогают нам улучшить функциональность Платформы и обеспечить более персонализированный опыт. Они позволяют нам запоминать ваши предпочтения и настройки, такие как предпочитаемый вами язык и местоположение.</span></p>\r\n<p><span style=\"font-size: 13pt;\">• Аналитические файлы cookie: эти файлы cookie собирают информацию о том, как вы используете Платформу, например, о страницах, которые вы посещаете, и ссылках, которые вы нажимаете. Мы используем эту информацию для анализа и улучшения Платформы, а также для измерения эффективности наших маркетинговых кампаний.</span></p>\r\n<p>&nbsp;</p>\r\n<p><span style=\"font-size: 13pt;\">• Рекламные файлы cookie. Эти файлы cookie используются для показа вам релевантной рекламы, соответствующей вашим интересам. Они отслеживают ваше поведение при просмотре различных веб-сайтов и создают профиль ваших интересов.</span></p>\r\n<p><span style=\"font-size: 13pt;\">3. Как вы можете контролировать файлы cookie?</span></p>\r\n<p><span style=\"font-size: 13pt;\">Вы можете управлять настройками файлов cookie через настройки браузера. Большинство браузеров позволяют вам блокировать или удалять файлы cookie или настроить ваш браузер так, чтобы он уведомлял вас о получении файла cookie. Однако отключение файлов cookie может ограничить вашу возможность использовать некоторые функции Платформы.</span></p>\r\n<p><span style=\"font-size: 13pt;\">Вы также можете узнать больше об управлении файлами cookie и отказе от рекламы на основе интересов, посетив веб-сайты следующих организаций:</span></p>\r\n<p><span style=\"font-size: 13pt;\">• Альянс цифровой рекламы (DAA): https://digitaladvertisingalliance.org/.</span></p>\r\n<p><span style=\"font-size: 13pt;\">• Инициатива сетевой рекламы (NAI): https://thenai.org/opt-out/.</span></p>\r\n<p><span style=\"font-size: 13pt;\">• Европейский альянс интерактивной цифровой рекламы (EDAA): https://www.youronlinechoices.com/uk/</span></p>\r\n<p><span style=\"font-size: 13pt;\">4. Изменения в настоящей Политике</span></p>\r\n<p><span style=\"font-size: 13pt;\">Мы можем время от времени обновлять настоящую Политику использования файлов cookie. Мы уведомим вас о любых существенных изменениях в Политике, разместив уведомление на Платформе или связавшись с вами напрямую. Мы рекомендуем вам регулярно просматривать настоящую Политику для получения самой последней информации о нашей практике использования файлов cookie.</span></p>\r\n<p><span style=\"font-size: 13pt;\">5. Свяжитесь с нами</span></p>\r\n<p><span style=\"font-size: 13pt;\">Если у вас есть какие-либо вопросы или сомнения по поводу настоящей Политики использования файлов cookie или наших методов обработки данных, свяжитесь с нами по адресу info@plebscracy.com.</span></p>\r\n<p><span style=\"font-size: 13pt;\">Дополнительная информация:</span></p>\r\n<p><span style=\"font-size: 13pt;\">• Настоящую Политику в отношении файлов cookie следует читать вместе с нашей Политикой конфиденциальности, которая предоставляет дополнительную информацию о том, как мы собираем, используем и раскрываем ваши Персональные данные.</span></p>\r\n<p><span style=\"font-size: 13pt;\">• Помимо файлов cookie мы можем использовать другие технологии отслеживания, такие как веб-маяки и пиксельные теги. Эти технологии работают аналогично файлам cookie и используются для сбора информации об использовании вами Платформы.</span></p>\r\n<p><span style=\"font-size: 13pt;\">• Мы можем сотрудничать со сторонними поставщиками услуг, которые используют файлы cookie и другие технологии отслеживания на Платформе. Эти поставщики услуг помогают нам управлять и улучшать Платформу, а также могут собирать информацию об использовании вами Платформы в своих целях.</span></p>\r\n<p><span style=\"font-size: 13pt;\">Мы надеемся, что настоящая Политика в отношении файлов cookie предоставит вам четкую и полную информацию о том, как мы используем файлы cookie на Платформе. Пожалуйста, не стесняйтесь обращаться к нам, если у вас есть какие-либо вопросы.</span></p>\r\n<p>&nbsp;</p>\r\n</div>\r\n</body>\r\n</html>\r\n','cookie',0,1717409857,86),
 (17,'<!DOCTYPE html>\r\n<!-- Generated by PHPWord -->\r\n<html lang=\'ru-RU\'>\r\n<head>\r\n<meta charset=\"UTF-8\" />\r\n<title>PHPWord</title>\r\n<meta name=\"author\" content=\"Сергей Воложенин\" />\r\n<style>\r\nbody {font-family: \'Arial\'; font-size: 11pt;}\r\n* {font-family: \'Arial\'; font-size: 11pt;}\r\na.NoteRef {text-decoration: none;}\r\nhr {height: 1px; padding: 0; margin: 1em 0; border: 0; border-top: 1px solid #CCC;}\r\ntable {border: 1px solid black; border-spacing: 0px; width : 100%;}\r\ntd {border: 1px solid black;}\r\np, .Normal {margin-bottom: 8pt;}\r\n.Normal Table {table-layout: auto;}\r\nbody > div + div {page-break-before: always;}\r\ndiv > *:first-child {page-break-before: auto;}\r\n@page page1 {size: A4 portrait; margin-right: 0.59027777777778in; margin-left: 1.18125in; margin-top: 0.7875in; margin-bottom: 0.7875in; }\r\n</style>\r\n</head>\r\n<body>\r\n<div style=\'page: page1\'>\r\n<p><span style=\"font-size: 13pt;\">В настоящей Политике использования файлов cookie объясняется, как Plebscracy («мы», «нас» или «наш») использует файлы cookie и аналогичные технологии («Файлы cookie»), когда вы получаете доступ и используете веб-сайт и платформу Plebscracy («Платформа»).</span></p>\r\n<p><span style=\"font-size: 13pt;\">1. Что такое файлы cookie?</span></p>\r\n<p><span style=\"font-size: 13pt;\">Файлы cookie — это небольшие файлы, содержащие данные, которые загружаются на ваше устройство при посещении веб-сайта. Они позволяют веб-сайту запоминать информацию о вашем посещении, такую как настройки вашего браузера и историю посещений. Это может сделать ваши последующие посещения веб-сайта более плавными и персонализированными.</span></p>\r\n<p><span style=\"font-size: 13pt;\">2. Какие типы файлов cookie мы используем?</span></p>\r\n<p><span style=\"font-size: 13pt;\">На Платформе мы используем различные файлы cookie, которые можно разделить на следующие категории:</span></p>\r\n<p><span style=\"font-size: 13pt;\">• Основные файлы cookie. Эти файлы cookie необходимы для правильной работы Платформы и не могут быть отключены. Они позволяют вам перемещаться по Платформе и использовать ее функции, такие как вход в систему и запоминание ваших предпочтений.</span></p>\r\n<p><span style=\"font-size: 13pt;\">• Функциональные файлы cookie. Эти файлы cookie помогают нам улучшить функциональность Платформы и обеспечить более персонализированный опыт. Они позволяют нам запоминать ваши предпочтения и настройки, такие как предпочитаемый вами язык и местоположение.</span></p>\r\n<p><span style=\"font-size: 13pt;\">• Аналитические файлы cookie: эти файлы cookie собирают информацию о том, как вы используете Платформу, например, о страницах, которые вы посещаете, и ссылках, которые вы нажимаете. Мы используем эту информацию для анализа и улучшения Платформы, а также для измерения эффективности наших маркетинговых кампаний.</span></p>\r\n<p>&nbsp;</p>\r\n<p><span style=\"font-size: 13pt;\">• Рекламные файлы cookie. Эти файлы cookie используются для показа вам релевантной рекламы, соответствующей вашим интересам. Они отслеживают ваше поведение при просмотре различных веб-сайтов и создают профиль ваших интересов.</span></p>\r\n<p><span style=\"font-size: 13pt;\">3. Как вы можете контролировать файлы cookie?</span></p>\r\n<p><span style=\"font-size: 13pt;\">Вы можете управлять настройками файлов cookie через настройки браузера. Большинство браузеров позволяют вам блокировать или удалять файлы cookie или настроить ваш браузер так, чтобы он уведомлял вас о получении файла cookie. Однако отключение файлов cookie может ограничить вашу возможность использовать некоторые функции Платформы.</span></p>\r\n<p><span style=\"font-size: 13pt;\">Вы также можете узнать больше об управлении файлами cookie и отказе от рекламы на основе интересов, посетив веб-сайты следующих организаций:</span></p>\r\n<p><span style=\"font-size: 13pt;\">• Альянс цифровой рекламы (DAA): https://digitaladvertisingalliance.org/.</span></p>\r\n<p><span style=\"font-size: 13pt;\">• Инициатива сетевой рекламы (NAI): https://thenai.org/opt-out/.</span></p>\r\n<p><span style=\"font-size: 13pt;\">• Европейский альянс интерактивной цифровой рекламы (EDAA): https://www.youronlinechoices.com/uk/</span></p>\r\n<p><span style=\"font-size: 13pt;\">4. Изменения в настоящей Политике</span></p>\r\n<p><span style=\"font-size: 13pt;\">Мы можем время от времени обновлять настоящую Политику использования файлов cookie. Мы уведомим вас о любых существенных изменениях в Политике, разместив уведомление на Платформе или связавшись с вами напрямую. Мы рекомендуем вам регулярно просматривать настоящую Политику для получения самой последней информации о нашей практике использования файлов cookie.</span></p>\r\n<p><span style=\"font-size: 13pt;\">5. Свяжитесь с нами</span></p>\r\n<p><span style=\"font-size: 13pt;\">Если у вас есть какие-либо вопросы или сомнения по поводу настоящей Политики использования файлов cookie или наших методов обработки данных, свяжитесь с нами по адресу info@plebscracy.com.</span></p>\r\n<p><span style=\"font-size: 13pt;\">Дополнительная информация:</span></p>\r\n<p><span style=\"font-size: 13pt;\">• Настоящую Политику в отношении файлов cookie следует читать вместе с нашей Политикой конфиденциальности, которая предоставляет дополнительную информацию о том, как мы собираем, используем и раскрываем ваши Персональные данные.</span></p>\r\n<p><span style=\"font-size: 13pt;\">• Помимо файлов cookie мы можем использовать другие технологии отслеживания, такие как веб-маяки и пиксельные теги. Эти технологии работают аналогично файлам cookie и используются для сбора информации об использовании вами Платформы.</span></p>\r\n<p><span style=\"font-size: 13pt;\">• Мы можем сотрудничать со сторонними поставщиками услуг, которые используют файлы cookie и другие технологии отслеживания на Платформе. Эти поставщики услуг помогают нам управлять и улучшать Платформу, а также могут собирать информацию об использовании вами Платформы в своих целях.</span></p>\r\n<p><span style=\"font-size: 13pt;\">Мы надеемся, что настоящая Политика в отношении файлов cookie предоставит вам четкую и полную информацию о том, как мы используем файлы cookie на Платформе. Пожалуйста, не стесняйтесь обращаться к нам, если у вас есть какие-либо вопросы.</span></p>\r\n<p>&nbsp;</p>\r\n</div>\r\n</body>\r\n</html>\r\n','cookie',0,1717409875,86),
 (18,'<!DOCTYPE html>\r\n<!-- Generated by PHPWord -->\r\n<html lang=\'ru-RU\'>\r\n<head>\r\n<meta charset=\"UTF-8\" />\r\n<title>PHPWord</title>\r\n<meta name=\"author\" content=\"adam jbr\" />\r\n<style>\r\nbody {font-family: \'Arial\'; font-size: 11pt;}\r\n* {font-family: \'Arial\'; font-size: 11pt;}\r\na.NoteRef {text-decoration: none;}\r\nhr {height: 1px; padding: 0; margin: 1em 0; border: 0; border-top: 1px solid #CCC;}\r\ntable {border: 1px solid black; border-spacing: 0px; width : 100%;}\r\ntd {border: 1px solid black;}\r\np, .Normal {margin-bottom: 8pt;}\r\n.Normal Table {table-layout: auto;}\r\n.Hyperlink {color: #0563C1; text-decoration: underline ;}\r\n.Unresolved Mention {color: #605E5C;}\r\n.List Paragraph {margin-left: 360in; margin-right: 0in;}\r\nbody > div + div {page-break-before: always;}\r\ndiv > *:first-child {page-break-before: auto;}\r\n@page page1 {size: A4 portrait; margin-right: 1in; margin-left: 1in; margin-top: 1in; margin-bottom: 1in; }\r\n</style>\r\n</head>\r\n<body>\r\n<div style=\'page: page1\'>\r\n<p style=\"text-align: center;\">ПОЛИТИКА КУКИ ПЛЕБСКРАЦИИ</p>\r\n<p style=\"text-align: center;\">Дата вступления в силу: 1 января 2024 г.</p>\r\n<p>&nbsp;</p>\r\n<p><span style=\"font-family: \'Times New Roman\'; font-size: 13pt;\">В настоящей Политике использования файлов </span><span style=\"font-family: \'Times New Roman\'; font-size: 13pt;\">cookie</span><span style=\"font-family: \'Times New Roman\'; font-size: 13pt;\"> объясняется, как Plebscracy («мы», «нас» или «наш») использует файлы </span><span style=\"font-family: \'Times New Roman\'; font-size: 13pt;\">cookie</span><span style=\"font-family: \'Times New Roman\'; font-size: 13pt;\"> и аналогичные технологии («Файлы </span><span style=\"font-family: \'Times New Roman\'; font-size: 13pt;\">cookie</span><span style=\"font-family: \'Times New Roman\'; font-size: 13pt;\">»), когда вы получаете доступ и используете веб-сайт и платформу Plebscracy («Платформа»).</span></p>\r\n<p><span style=\"font-family: \'Times New Roman\'; font-size: 13pt;\">1. Что такое файлы </span><span style=\"font-family: \'Times New Roman\'; font-size: 13pt;\">cookie</span><span style=\"font-family: \'Times New Roman\'; font-size: 13pt;\">?</span></p>\r\n<p><span style=\"font-family: \'Times New Roman\'; font-size: 13pt;\">Файлы </span><span style=\"font-family: \'Times New Roman\'; font-size: 13pt;\">cookie</span><span style=\"font-family: \'Times New Roman\'; font-size: 13pt;\"> — это небольшие файлы, содержащие данные, которые загружаются на ваше устройство при посещении веб-сайта. Они позволяют веб-сайту запоминать информацию о вашем посещении, такую ​​как настройки вашего браузера и историю посещений. Это может сделать ваши последующие посещения веб-сайта более плавными и персонализированными.</span></p>\r\n<p><span style=\"font-family: \'Times New Roman\'; font-size: 13pt;\">2. Какие типы файлов </span><span style=\"font-family: \'Times New Roman\'; font-size: 13pt;\">cookie</span><span style=\"font-family: \'Times New Roman\'; font-size: 13pt;\"> мы используем?</span></p>\r\n<p><span style=\"font-family: \'Times New Roman\'; font-size: 13pt;\">На Платформе мы используем различные файлы </span><span style=\"font-family: \'Times New Roman\'; font-size: 13pt;\">cookie</span><span style=\"font-family: \'Times New Roman\'; font-size: 13pt;\">, которые можно разделить на следующие категории:</span></p>\r\n<p><span style=\"font-family: \'Times New Roman\'; font-size: 13pt;\">• Основные файлы </span><span style=\"font-family: \'Times New Roman\'; font-size: 13pt;\">cookie</span><span style=\"font-family: \'Times New Roman\'; font-size: 13pt;\">. Эти файлы </span><span style=\"font-family: \'Times New Roman\'; font-size: 13pt;\">cookie</span><span style=\"font-family: \'Times New Roman\'; font-size: 13pt;\"> необходимы для правильной работы Платформы и не могут быть отключены. Они позволяют вам перемещаться по Платформе и использовать ее функции, такие как вход в систему и запоминание ваших предпочтений.</span></p>\r\n<p>&nbsp;</p>\r\n<p><span style=\"font-family: \'Times New Roman\'; font-size: 13pt;\">• Функциональные файлы </span><span style=\"font-family: \'Times New Roman\'; font-size: 13pt;\">cookie</span><span style=\"font-family: \'Times New Roman\'; font-size: 13pt;\">. Эти файлы </span><span style=\"font-family: \'Times New Roman\'; font-size: 13pt;\">cookie</span><span style=\"font-family: \'Times New Roman\'; font-size: 13pt;\"> помогают нам улучшить функциональность Платформы и обеспечить более персонализированный опыт. Они позволяют нам запоминать ваши предпочтения и настройки, такие как предпочитаемый вами язык и местоположение.</span></p>\r\n<p>&nbsp;</p>\r\n<p><span style=\"font-family: \'Times New Roman\'; font-size: 13pt;\">• Аналитические файлы </span><span style=\"font-family: \'Times New Roman\'; font-size: 13pt;\">cookie</span><span style=\"font-family: \'Times New Roman\'; font-size: 13pt;\">: эти файлы </span><span style=\"font-family: \'Times New Roman\'; font-size: 13pt;\">cookie</span><span style=\"font-family: \'Times New Roman\'; font-size: 13pt;\"> собирают информацию о том, как вы используете Платформу, например, о страницах, которые вы посещаете, и ссылках, которые вы нажимаете. Мы используем эту информацию для анализа и улучшения Платформы, а также для измерения эффективности наших маркетинговых кампаний.</span></p>\r\n<p>&nbsp;</p>\r\n<p><span style=\"font-family: \'Times New Roman\'; font-size: 13pt;\">• Рекламные файлы </span><span style=\"font-family: \'Times New Roman\'; font-size: 13pt;\">cookie</span><span style=\"font-family: \'Times New Roman\'; font-size: 13pt;\">. Эти файлы </span><span style=\"font-family: \'Times New Roman\'; font-size: 13pt;\">cookie</span><span style=\"font-family: \'Times New Roman\'; font-size: 13pt;\"> используются для показа вам релевантной рекламы, соответствующей вашим интересам. Они отслеживают ваше поведение при просмотре различных веб-сайтов и создают профиль ваших интересов.</span></p>\r\n<p><span style=\"font-family: \'Times New Roman\'; font-size: 13pt;\">3. Как вы можете контролировать файлы </span><span style=\"font-family: \'Times New Roman\'; font-size: 13pt;\">cookie</span><span style=\"font-family: \'Times New Roman\'; font-size: 13pt;\">?</span></p>\r\n<p><span style=\"font-family: \'Times New Roman\'; font-size: 13pt;\">Вы можете управлять настройками файлов </span><span style=\"font-family: \'Times New Roman\'; font-size: 13pt;\">cookie</span><span style=\"font-family: \'Times New Roman\'; font-size: 13pt;\"> через настройки браузера. Большинство браузеров позволяют вам блокировать или удалять файлы </span><span style=\"font-family: \'Times New Roman\'; font-size: 13pt;\">cookie</span><span style=\"font-family: \'Times New Roman\'; font-size: 13pt;\"> или настроить ваш браузер так, чтобы он уведомлял вас о получении файла </span><span style=\"font-family: \'Times New Roman\'; font-size: 13pt;\">cookie</span><span style=\"font-family: \'Times New Roman\'; font-size: 13pt;\">. Однако отключение файлов </span><span style=\"font-family: \'Times New Roman\'; font-size: 13pt;\">cookie</span><span style=\"font-family: \'Times New Roman\'; font-size: 13pt;\"> может ограничить вашу возможность использовать некоторые функции Платформы.</span></p>\r\n<p><span style=\"font-family: \'Times New Roman\'; font-size: 13pt;\">Вы также можете узнать больше об управлении файлами </span><span style=\"font-family: \'Times New Roman\'; font-size: 13pt;\">cookie</span><span style=\"font-family: \'Times New Roman\'; font-size: 13pt;\"> и отказе от рекламы на основе интересов, посетив веб-сайты следующих организаций:</span></p>\r\n<p><span style=\"font-family: \'Times New Roman\'; font-size: 13pt;\">• Альянс цифровой рекламы (DAA): https://digitaladvertisingalliance.org/.</span></p>\r\n<p><span style=\"font-family: \'Times New Roman\'; font-size: 13pt;\">• Инициатива сетевой рекламы (NAI): https://thenai.org/opt-out/.</span></p>\r\n<p><span style=\"font-family: \'Times New Roman\'; font-size: 13pt;\">• Европейский альянс интерактивной цифровой рекламы (EDAA): https://www.youronlinechoices.com/uk/</span></p>\r\n<p><span style=\"font-family: \'Times New Roman\'; font-size: 13pt;\">4. Изменения в настоящей Политике</span></p>\r\n<p><span style=\"font-family: \'Times New Roman\'; font-size: 13pt;\">Мы можем время от времени обновлять настоящую Политику использования файлов </span><span style=\"font-family: \'Times New Roman\'; font-size: 13pt;\">cookie</span><span style=\"font-family: \'Times New Roman\'; font-size: 13pt;\">. Мы уведомим вас о любых существенных изменениях в Политике, разместив уведомление на Платформе или связавшись с вами напрямую. Мы рекомендуем вам регулярно просматривать настоящую Политику для получения самой последней информации о нашей практике использования файлов </span><span style=\"font-family: \'Times New Roman\'; font-size: 13pt;\">cookie</span><span style=\"font-family: \'Times New Roman\'; font-size: 13pt;\">.</span></p>\r\n<p><span style=\"font-family: \'Times New Roman\'; font-size: 13pt;\">5. Свяжитесь с нами</span></p>\r\n<p><span style=\"font-family: \'Times New Roman\'; font-size: 13pt;\">Если у вас есть какие-либо вопросы или сомнения по поводу настоящей Политики использования файлов </span><span style=\"font-family: \'Times New Roman\'; font-size: 13pt;\">cookie</span><span style=\"font-family: \'Times New Roman\'; font-size: 13pt;\"> или наших методов обработки данных, свяжитесь с нами по адресу info@plebscracy.com.</span></p>\r\n<p><span style=\"font-family: \'Times New Roman\'; font-size: 13pt;\">Дополнительная информация:</span></p>\r\n<p><span style=\"font-family: \'Times New Roman\'; font-size: 13pt;\">• Настоящую Политику в отношении файлов </span><span style=\"font-family: \'Times New Roman\'; font-size: 13pt;\">cookie</span><span style=\"font-family: \'Times New Roman\'; font-size: 13pt;\"> следует читать вместе с нашей Политикой конфиденциальности, которая предоставляет дополнительную информацию о том, как мы собираем, используем и раскрываем ваши Персональные данные.</span></p>\r\n<p><span style=\"font-family: \'Times New Roman\'; font-size: 13pt;\">• Помимо файлов </span><span style=\"font-family: \'Times New Roman\'; font-size: 13pt;\">cookie</span><span style=\"font-family: \'Times New Roman\'; font-size: 13pt;\"> мы можем использовать другие технологии отслеживания, такие как веб-маяки и пиксельные теги. Эти технологии работают аналогично файлам </span><span style=\"font-family: \'Times New Roman\'; font-size: 13pt;\">cookie</span><span style=\"font-family: \'Times New Roman\'; font-size: 13pt;\"> и используются для сбора информации об использовании вами Платформы.</span></p>\r\n<p><span style=\"font-family: \'Times New Roman\'; font-size: 13pt;\">• Мы можем сотрудничать со сторонними поставщиками услуг, которые используют файлы </span><span style=\"font-family: \'Times New Roman\'; font-size: 13pt;\">cookie</span><span style=\"font-family: \'Times New Roman\'; font-size: 13pt;\"> и другие технологии отслеживания на Платформе. Эти поставщики услуг помогают нам управлять Платформой и улучшать ее, а </span><span style=\"font-family: \'Times New Roman\'; font-size: 13pt;\">также могут собирать информацию об использовании вами Платформы в своих целях.</span></p>\r\n<p><span style=\"font-family: \'Times New Roman\'; font-size: 13pt;\">Мы надеемся, что настоящая Политика в отношении файлов </span><span style=\"font-family: \'Times New Roman\'; font-size: 13pt;\">cookie</span><span style=\"font-family: \'Times New Roman\'; font-size: 13pt;\"> предоставит вам четкую и полную информацию о том, как мы используем файлы </span><span style=\"font-family: \'Times New Roman\'; font-size: 13pt;\">cookie</span><span style=\"font-family: \'Times New Roman\'; font-size: 13pt;\"> на Платформе. Пожалуйста, не стесняйтесь обращаться к нам, если у вас есть какие-либо вопросы.</span></p>\r\n</div>\r\n</body>\r\n</html>\r\n','cookie',0,1717491134,86),
 (19,'<!DOCTYPE html>\r\n<!-- Generated by PHPWord -->\r\n<html lang=\'ru-RU\'>\r\n<head>\r\n<meta charset=\"UTF-8\" />\r\n<title>PHPWord</title>\r\n<meta name=\"author\" content=\"adam jbr\" />\r\n<style>\r\nbody {font-family: \'Arial\'; font-size: 11pt;}\r\n* {font-family: \'Arial\'; font-size: 11pt;}\r\na.NoteRef {text-decoration: none;}\r\nhr {height: 1px; padding: 0; margin: 1em 0; border: 0; border-top: 1px solid #CCC;}\r\ntable {border: 1px solid black; border-spacing: 0px; width : 100%;}\r\ntd {border: 1px solid black;}\r\np, .Normal {margin-bottom: 8pt;}\r\n.Normal Table {table-layout: auto;}\r\n.Hyperlink {color: #0563C1; text-decoration: underline ;}\r\n.Unresolved Mention {color: #605E5C;}\r\n.List Paragraph {margin-left: 360in; margin-right: 0in;}\r\nbody > div + div {page-break-before: always;}\r\ndiv > *:first-child {page-break-before: auto;}\r\n@page page1 {size: A4 portrait; margin-right: 1in; margin-left: 1in; margin-top: 1in; margin-bottom: 1in; }\r\n</style>\r\n</head>\r\n<body>\r\n<div style=\'page: page1\'>\r\n<p style=\"text-align: center;\">ПОЛИТИКА КУКИ ПЛЕБСКРАЦИИ</p>\r\n<p style=\"text-align: center;\">Дата вступления в силу: 1 января 2024 г.</p>\r\n<p>&nbsp;</p>\r\n<p><span style=\"font-family: \'Times New Roman\'; font-size: 13pt;\">В настоящей Политике использования файлов </span><span style=\"font-family: \'Times New Roman\'; font-size: 13pt;\">cookie</span><span style=\"font-family: \'Times New Roman\'; font-size: 13pt;\"> объясняется, как Plebscracy («мы», «нас» или «наш») использует файлы </span><span style=\"font-family: \'Times New Roman\'; font-size: 13pt;\">cookie</span><span style=\"font-family: \'Times New Roman\'; font-size: 13pt;\"> и аналогичные технологии («Файлы </span><span style=\"font-family: \'Times New Roman\'; font-size: 13pt;\">cookie</span><span style=\"font-family: \'Times New Roman\'; font-size: 13pt;\">»), когда вы получаете доступ и используете веб-сайт и платформу Plebscracy («Платформа»).</span></p>\r\n<p><span style=\"font-family: \'Times New Roman\'; font-size: 13pt;\">1. Что такое файлы </span><span style=\"font-family: \'Times New Roman\'; font-size: 13pt;\">cookie</span><span style=\"font-family: \'Times New Roman\'; font-size: 13pt;\">?</span></p>\r\n<p><span style=\"font-family: \'Times New Roman\'; font-size: 13pt;\">Файлы </span><span style=\"font-family: \'Times New Roman\'; font-size: 13pt;\">cookie</span><span style=\"font-family: \'Times New Roman\'; font-size: 13pt;\"> — это небольшие файлы, содержащие данные, которые загружаются на ваше устройство при посещении веб-сайта. Они позволяют веб-сайту запоминать информацию о вашем посещении, такую ​​как настройки вашего браузера и историю посещений. Это может сделать ваши последующие посещения веб-сайта более плавными и персонализированными.</span></p>\r\n<p><span style=\"font-family: \'Times New Roman\'; font-size: 13pt;\">2. Какие типы файлов </span><span style=\"font-family: \'Times New Roman\'; font-size: 13pt;\">cookie</span><span style=\"font-family: \'Times New Roman\'; font-size: 13pt;\"> мы используем?</span></p>\r\n<p><span style=\"font-family: \'Times New Roman\'; font-size: 13pt;\">На Платформе мы используем различные файлы </span><span style=\"font-family: \'Times New Roman\'; font-size: 13pt;\">cookie</span><span style=\"font-family: \'Times New Roman\'; font-size: 13pt;\">, которые можно разделить на следующие категории:</span></p>\r\n<p><span style=\"font-family: \'Times New Roman\'; font-size: 13pt;\">• Основные файлы </span><span style=\"font-family: \'Times New Roman\'; font-size: 13pt;\">cookie</span><span style=\"font-family: \'Times New Roman\'; font-size: 13pt;\">. Эти файлы </span><span style=\"font-family: \'Times New Roman\'; font-size: 13pt;\">cookie</span><span style=\"font-family: \'Times New Roman\'; font-size: 13pt;\"> необходимы для правильной работы Платформы и не могут быть отключены. Они позволяют вам перемещаться по Платформе и использовать ее функции, такие как вход в систему и запоминание ваших предпочтений.</span></p>\r\n<p>&nbsp;</p>\r\n<p><span style=\"font-family: \'Times New Roman\'; font-size: 13pt;\">• Функциональные файлы </span><span style=\"font-family: \'Times New Roman\'; font-size: 13pt;\">cookie</span><span style=\"font-family: \'Times New Roman\'; font-size: 13pt;\">. Эти файлы </span><span style=\"font-family: \'Times New Roman\'; font-size: 13pt;\">cookie</span><span style=\"font-family: \'Times New Roman\'; font-size: 13pt;\"> помогают нам улучшить функциональность Платформы и обеспечить более персонализированный опыт. Они позволяют нам запоминать ваши предпочтения и настройки, такие как предпочитаемый вами язык и местоположение.</span></p>\r\n<p>&nbsp;</p>\r\n<p><span style=\"font-family: \'Times New Roman\'; font-size: 13pt;\">• Аналитические файлы </span><span style=\"font-family: \'Times New Roman\'; font-size: 13pt;\">cookie</span><span style=\"font-family: \'Times New Roman\'; font-size: 13pt;\">: эти файлы </span><span style=\"font-family: \'Times New Roman\'; font-size: 13pt;\">cookie</span><span style=\"font-family: \'Times New Roman\'; font-size: 13pt;\"> собирают информацию о том, как вы используете Платформу, например, о страницах, которые вы посещаете, и ссылках, которые вы нажимаете. Мы используем эту информацию для анализа и улучшения Платформы, а также для измерения эффективности наших маркетинговых кампаний.</span></p>\r\n<p>&nbsp;</p>\r\n<p><span style=\"font-family: \'Times New Roman\'; font-size: 13pt;\">• Рекламные файлы </span><span style=\"font-family: \'Times New Roman\'; font-size: 13pt;\">cookie</span><span style=\"font-family: \'Times New Roman\'; font-size: 13pt;\">. Эти файлы </span><span style=\"font-family: \'Times New Roman\'; font-size: 13pt;\">cookie</span><span style=\"font-family: \'Times New Roman\'; font-size: 13pt;\"> используются для показа вам релевантной рекламы, соответствующей вашим интересам. Они отслеживают ваше поведение при просмотре различных веб-сайтов и создают профиль ваших интересов.</span></p>\r\n<p><span style=\"font-family: \'Times New Roman\'; font-size: 13pt;\">3. Как вы можете контролировать файлы </span><span style=\"font-family: \'Times New Roman\'; font-size: 13pt;\">cookie</span><span style=\"font-family: \'Times New Roman\'; font-size: 13pt;\">?</span></p>\r\n<p><span style=\"font-family: \'Times New Roman\'; font-size: 13pt;\">Вы можете управлять настройками файлов </span><span style=\"font-family: \'Times New Roman\'; font-size: 13pt;\">cookie</span><span style=\"font-family: \'Times New Roman\'; font-size: 13pt;\"> через настройки браузера. Большинство браузеров позволяют вам блокировать или удалять файлы </span><span style=\"font-family: \'Times New Roman\'; font-size: 13pt;\">cookie</span><span style=\"font-family: \'Times New Roman\'; font-size: 13pt;\"> или настроить ваш браузер так, чтобы он уведомлял вас о получении файла </span><span style=\"font-family: \'Times New Roman\'; font-size: 13pt;\">cookie</span><span style=\"font-family: \'Times New Roman\'; font-size: 13pt;\">. Однако отключение файлов </span><span style=\"font-family: \'Times New Roman\'; font-size: 13pt;\">cookie</span><span style=\"font-family: \'Times New Roman\'; font-size: 13pt;\"> может ограничить вашу возможность использовать некоторые функции Платформы.</span></p>\r\n<p><span style=\"font-family: \'Times New Roman\'; font-size: 13pt;\">Вы также можете узнать больше об управлении файлами </span><span style=\"font-family: \'Times New Roman\'; font-size: 13pt;\">cookie</span><span style=\"font-family: \'Times New Roman\'; font-size: 13pt;\"> и отказе от рекламы на основе интересов, посетив веб-сайты следующих организаций:</span></p>\r\n<p><span style=\"font-family: \'Times New Roman\'; font-size: 13pt;\">• Альянс цифровой рекламы (DAA): https://digitaladvertisingalliance.org/.</span></p>\r\n<p><span style=\"font-family: \'Times New Roman\'; font-size: 13pt;\">• Инициатива сетевой рекламы (NAI): https://thenai.org/opt-out/.</span></p>\r\n<p><span style=\"font-family: \'Times New Roman\'; font-size: 13pt;\">• Европейский альянс интерактивной цифровой рекламы (EDAA): https://www.youronlinechoices.com/uk/</span></p>\r\n<p><span style=\"font-family: \'Times New Roman\'; font-size: 13pt;\">4. Изменения в настоящей Политике</span></p>\r\n<p><span style=\"font-family: \'Times New Roman\'; font-size: 13pt;\">Мы можем время от времени обновлять настоящую Политику использования файлов </span><span style=\"font-family: \'Times New Roman\'; font-size: 13pt;\">cookie</span><span style=\"font-family: \'Times New Roman\'; font-size: 13pt;\">. Мы уведомим вас о любых существенных изменениях в Политике, разместив уведомление на Платформе или связавшись с вами напрямую. Мы рекомендуем вам регулярно просматривать настоящую Политику для получения самой последней информации о нашей практике использования файлов </span><span style=\"font-family: \'Times New Roman\'; font-size: 13pt;\">cookie</span><span style=\"font-family: \'Times New Roman\'; font-size: 13pt;\">.</span></p>\r\n<p><span style=\"font-family: \'Times New Roman\'; font-size: 13pt;\">5. Свяжитесь с нами</span></p>\r\n<p><span style=\"font-family: \'Times New Roman\'; font-size: 13pt;\">Если у вас есть какие-либо вопросы или сомнения по поводу настоящей Политики использования файлов </span><span style=\"font-family: \'Times New Roman\'; font-size: 13pt;\">cookie</span><span style=\"font-family: \'Times New Roman\'; font-size: 13pt;\"> или наших методов обработки данных, свяжитесь с нами по адресу info@plebscracy.com.</span></p>\r\n<p><span style=\"font-family: \'Times New Roman\'; font-size: 13pt;\">Дополнительная информация:</span></p>\r\n<p><span style=\"font-family: \'Times New Roman\'; font-size: 13pt;\">• Настоящую Политику в отношении файлов </span><span style=\"font-family: \'Times New Roman\'; font-size: 13pt;\">cookie</span><span style=\"font-family: \'Times New Roman\'; font-size: 13pt;\"> следует читать вместе с нашей Политикой конфиденциальности, которая предоставляет дополнительную информацию о том, как мы собираем, используем и раскрываем ваши Персональные данные.</span></p>\r\n<p><span style=\"font-family: \'Times New Roman\'; font-size: 13pt;\">• Помимо файлов </span><span style=\"font-family: \'Times New Roman\'; font-size: 13pt;\">cookie</span><span style=\"font-family: \'Times New Roman\'; font-size: 13pt;\"> мы можем использовать другие технологии отслеживания, такие как веб-маяки и пиксельные теги. Эти технологии работают аналогично файлам </span><span style=\"font-family: \'Times New Roman\'; font-size: 13pt;\">cookie</span><span style=\"font-family: \'Times New Roman\'; font-size: 13pt;\"> и используются для сбора информации об использовании вами Платформы.</span></p>\r\n<p><span style=\"font-family: \'Times New Roman\'; font-size: 13pt;\">• Мы можем сотрудничать со сторонними поставщиками услуг, которые используют файлы </span><span style=\"font-family: \'Times New Roman\'; font-size: 13pt;\">cookie</span><span style=\"font-family: \'Times New Roman\'; font-size: 13pt;\"> и другие технологии отслеживания на Платформе. Эти поставщики услуг помогают нам управлять Платформой и улучшать ее, а </span><span style=\"font-family: \'Times New Roman\'; font-size: 13pt;\">также могут собирать информацию об использовании вами Платформы в своих целях.</span></p>\r\n<p><span style=\"font-family: \'Times New Roman\'; font-size: 13pt;\">Мы надеемся, что настоящая Политика в отношении файлов </span><span style=\"font-family: \'Times New Roman\'; font-size: 13pt;\">cookie</span><span style=\"font-family: \'Times New Roman\'; font-size: 13pt;\"> предоставит вам четкую и полную информацию о том, как мы используем файлы </span><span style=\"font-family: \'Times New Roman\'; font-size: 13pt;\">cookie</span><span style=\"font-family: \'Times New Roman\'; font-size: 13pt;\"> на Платформе. Пожалуйста, не стесняйтесь обращаться к нам, если у вас есть какие-либо вопросы.</span></p>\r\n</div>\r\n</body>\r\n</html>\r\n','cookie',0,1717500259,86),
 (20,'<!DOCTYPE html>\r\n<!-- Generated by PHPWord -->\r\n<html lang=\'ru-RU\'>\r\n<head>\r\n<meta charset=\"UTF-8\" />\r\n<title>PHPWord</title>\r\n<meta name=\"author\" content=\"adam jbr\" />\r\n<style>\r\nbody {font-family: \'Arial\'; font-size: 11pt;}\r\n* {font-family: \'Arial\'; font-size: 11pt;}\r\na.NoteRef {text-decoration: none;}\r\nhr {height: 1px; padding: 0; margin: 1em 0; border: 0; border-top: 1px solid #CCC;}\r\ntable {border: 1px solid black; border-spacing: 0px; width : 100%;}\r\ntd {border: 1px solid black;}\r\np, .Normal {margin-bottom: 8pt;}\r\n.Normal Table {table-layout: auto;}\r\n.Hyperlink {color: #0563C1; text-decoration: underline ;}\r\n.Unresolved Mention {color: #605E5C;}\r\n.List Paragraph {margin-left: 360in; margin-right: 0in;}\r\nbody > div + div {page-break-before: always;}\r\ndiv > *:first-child {page-break-before: auto;}\r\n@page page1 {size: A4 portrait; margin-right: 1in; margin-left: 1in; margin-top: 1in; margin-bottom: 1in; }\r\n</style>\r\n</head>\r\n<body>\r\n<div style=\'page: page1\'>\r\n<p><span style=\"font-family: \'Times New Roman\'; font-size: 13pt;\">В настоящей Политике использования файлов </span><span style=\"font-family: \'Times New Roman\'; font-size: 13pt;\">cookie</span><span style=\"font-family: \'Times New Roman\'; font-size: 13pt;\"> объясняется, как Plebscracy («мы», «нас» или «наш») использует файлы </span><span style=\"font-family: \'Times New Roman\'; font-size: 13pt;\">cookie</span><span style=\"font-family: \'Times New Roman\'; font-size: 13pt;\"> и аналогичные технологии («Файлы </span><span style=\"font-family: \'Times New Roman\'; font-size: 13pt;\">cookie</span><span style=\"font-family: \'Times New Roman\'; font-size: 13pt;\">»), когда вы получаете доступ и используете веб-сайт и платформу Plebscracy («Платформа»).</span></p>\r\n<p><span style=\"font-family: \'Times New Roman\'; font-size: 13pt;\">1. Что такое файлы </span><span style=\"font-family: \'Times New Roman\'; font-size: 13pt;\">cookie</span><span style=\"font-family: \'Times New Roman\'; font-size: 13pt;\">?</span></p>\r\n<p><span style=\"font-family: \'Times New Roman\'; font-size: 13pt;\">Файлы </span><span style=\"font-family: \'Times New Roman\'; font-size: 13pt;\">cookie</span><span style=\"font-family: \'Times New Roman\'; font-size: 13pt;\"> — это небольшие файлы, содержащие данные, которые загружаются на ваше устройство при посещении веб-сайта. Они позволяют веб-сайту запоминать информацию о вашем посещении, такую ​​как настройки вашего браузера и историю посещений. Это может сделать ваши последующие посещения веб-сайта более плавными и персонализированными.</span></p>\r\n<p><span style=\"font-family: \'Times New Roman\'; font-size: 13pt;\">2. Какие типы файлов </span><span style=\"font-family: \'Times New Roman\'; font-size: 13pt;\">cookie</span><span style=\"font-family: \'Times New Roman\'; font-size: 13pt;\"> мы используем?</span></p>\r\n<p><span style=\"font-family: \'Times New Roman\'; font-size: 13pt;\">На Платформе мы используем различные файлы </span><span style=\"font-family: \'Times New Roman\'; font-size: 13pt;\">cookie</span><span style=\"font-family: \'Times New Roman\'; font-size: 13pt;\">, которые можно разделить на следующие категории:</span></p>\r\n<p><span style=\"font-family: \'Times New Roman\'; font-size: 13pt;\">• Основные файлы </span><span style=\"font-family: \'Times New Roman\'; font-size: 13pt;\">cookie</span><span style=\"font-family: \'Times New Roman\'; font-size: 13pt;\">. Эти файлы </span><span style=\"font-family: \'Times New Roman\'; font-size: 13pt;\">cookie</span><span style=\"font-family: \'Times New Roman\'; font-size: 13pt;\"> необходимы для правильной работы Платформы и не могут быть отключены. Они позволяют вам перемещаться по Платформе и использовать ее функции, такие как вход в систему и запоминание ваших предпочтений.</span></p>\r\n<p>&nbsp;</p>\r\n<p><span style=\"font-family: \'Times New Roman\'; font-size: 13pt;\">• Функциональные файлы </span><span style=\"font-family: \'Times New Roman\'; font-size: 13pt;\">cookie</span><span style=\"font-family: \'Times New Roman\'; font-size: 13pt;\">. Эти файлы </span><span style=\"font-family: \'Times New Roman\'; font-size: 13pt;\">cookie</span><span style=\"font-family: \'Times New Roman\'; font-size: 13pt;\"> помогают нам улучшить функциональность Платформы и обеспечить более персонализированный опыт. Они позволяют нам запоминать ваши предпочтения и настройки, такие как предпочитаемый вами язык и местоположение.</span></p>\r\n<p>&nbsp;</p>\r\n<p><span style=\"font-family: \'Times New Roman\'; font-size: 13pt;\">• Аналитические файлы </span><span style=\"font-family: \'Times New Roman\'; font-size: 13pt;\">cookie</span><span style=\"font-family: \'Times New Roman\'; font-size: 13pt;\">: эти файлы </span><span style=\"font-family: \'Times New Roman\'; font-size: 13pt;\">cookie</span><span style=\"font-family: \'Times New Roman\'; font-size: 13pt;\"> собирают информацию о том, как вы используете Платформу, например, о страницах, которые вы посещаете, и ссылках, которые вы нажимаете. Мы используем эту информацию для анализа и улучшения Платформы, а также для измерения эффективности наших маркетинговых кампаний.</span></p>\r\n<p>&nbsp;</p>\r\n<p><span style=\"font-family: \'Times New Roman\'; font-size: 13pt;\">• Рекламные файлы </span><span style=\"font-family: \'Times New Roman\'; font-size: 13pt;\">cookie</span><span style=\"font-family: \'Times New Roman\'; font-size: 13pt;\">. Эти файлы </span><span style=\"font-family: \'Times New Roman\'; font-size: 13pt;\">cookie</span><span style=\"font-family: \'Times New Roman\'; font-size: 13pt;\"> используются для показа вам релевантной рекламы, соответствующей вашим интересам. Они отслеживают ваше поведение при просмотре различных веб-сайтов и создают профиль ваших интересов.</span></p>\r\n<p><span style=\"font-family: \'Times New Roman\'; font-size: 13pt;\">3. Как вы можете контролировать файлы </span><span style=\"font-family: \'Times New Roman\'; font-size: 13pt;\">cookie</span><span style=\"font-family: \'Times New Roman\'; font-size: 13pt;\">?</span></p>\r\n<p><span style=\"font-family: \'Times New Roman\'; font-size: 13pt;\">Вы можете управлять настройками файлов </span><span style=\"font-family: \'Times New Roman\'; font-size: 13pt;\">cookie</span><span style=\"font-family: \'Times New Roman\'; font-size: 13pt;\"> через настройки браузера. Большинство браузеров позволяют вам блокировать или удалять файлы </span><span style=\"font-family: \'Times New Roman\'; font-size: 13pt;\">cookie</span><span style=\"font-family: \'Times New Roman\'; font-size: 13pt;\"> </span><span style=\"font-family: \'Times New Roman\'; font-size: 13pt;\">или настроить ваш браузер так, чтобы он уведомлял вас о получении файла </span><span style=\"font-family: \'Times New Roman\'; font-size: 13pt;\">cookie</span><span style=\"font-family: \'Times New Roman\'; font-size: 13pt;\">. Однако отключение файлов </span><span style=\"font-family: \'Times New Roman\'; font-size: 13pt;\">cookie</span><span style=\"font-family: \'Times New Roman\'; font-size: 13pt;\"> может ограничить вашу возможность использовать некоторые функции Платформы.</span></p>\r\n<p><span style=\"font-family: \'Times New Roman\'; font-size: 13pt;\">Вы также можете узнать больше об управлении файлами </span><span style=\"font-family: \'Times New Roman\'; font-size: 13pt;\">cookie</span><span style=\"font-family: \'Times New Roman\'; font-size: 13pt;\"> и отказе от рекламы на основе интересов, посетив веб-сайты следующих организаций:</span></p>\r\n<p><span style=\"font-family: \'Times New Roman\'; font-size: 13pt;\">• Альянс цифровой рекламы (DAA): https://digitaladvertisingalliance.org/.</span></p>\r\n<p><span style=\"font-family: \'Times New Roman\'; font-size: 13pt;\">• Инициатива сетевой рекламы (NAI): https://thenai.org/opt-out/.</span></p>\r\n<p><span style=\"font-family: \'Times New Roman\'; font-size: 13pt;\">• Европейский альянс интерактивной цифровой рекламы (EDAA): https://www.youronlinechoices.com/uk/</span></p>\r\n<p><span style=\"font-family: \'Times New Roman\'; font-size: 13pt;\">В настоящей Политике использования файлов </span><span style=\"font-family: \'Times New Roman\'; font-size: 13pt;\">cookie</span><span style=\"font-family: \'Times New Roman\'; font-size: 13pt;\"> объясняется, как Plebscracy («мы», «нас» или «наш») использует файлы </span><span style=\"font-family: \'Times New Roman\'; font-size: 13pt;\">cookie</span><span style=\"font-family: \'Times New Roman\'; font-size: 13pt;\"> и аналогичные технологии («Файлы </span><span style=\"font-family: \'Times New Roman\'; font-size: 13pt;\">cookie</span><span style=\"font-family: \'Times New Roman\'; font-size: 13pt;\">»), когда вы получаете доступ и используете веб-сайт и платформу Plebscracy («Платформа»).</span></p>\r\n<p><span style=\"font-family: \'Times New Roman\'; font-size: 13pt;\">1. Что такое файлы </span><span style=\"font-family: \'Times New Roman\'; font-size: 13pt;\">cookie</span><span style=\"font-family: \'Times New Roman\'; font-size: 13pt;\">?</span></p>\r\n<p><span style=\"font-family: \'Times New Roman\'; font-size: 13pt;\">Файлы </span><span style=\"font-family: \'Times New Roman\'; font-size: 13pt;\">cookie</span><span style=\"font-family: \'Times New Roman\'; font-size: 13pt;\"> — это небольшие файлы, содержащие данные, которые загружаются на ваше устройство при посещении веб-сайта. Они позволяют веб-сайту запоминать информацию о вашем посещении, такую ​​как настройки вашего браузера и историю посещений. Это может сделать ваши последующие посещения веб-сайта более плавными и персонализированными.</span></p>\r\n<p><span style=\"font-family: \'Times New Roman\'; font-size: 13pt;\">2. Какие типы файлов </span><span style=\"font-family: \'Times New Roman\'; font-size: 13pt;\">cookie</span><span style=\"font-family: \'Times New Roman\'; font-size: 13pt;\"> мы используем?</span></p>\r\n<p><span style=\"font-family: \'Times New Roman\'; font-size: 13pt;\">На Платформе мы используем различные файлы </span><span style=\"font-family: \'Times New Roman\'; font-size: 13pt;\">cookie</span><span style=\"font-family: \'Times New Roman\'; font-size: 13pt;\">, которые можно разделить на следующие категории:</span></p>\r\n<p><span style=\"font-family: \'Times New Roman\'; font-size: 13pt;\">• Основные файлы </span><span style=\"font-family: \'Times New Roman\'; font-size: 13pt;\">cookie</span><span style=\"font-family: \'Times New Roman\'; font-size: 13pt;\">. Эти файлы </span><span style=\"font-family: \'Times New Roman\'; font-size: 13pt;\">cookie</span><span style=\"font-family: \'Times New Roman\'; font-size: 13pt;\"> необходимы для правильной работы Платформы и не могут быть отключены. Они позволяют вам перемещаться по Платформе и использовать ее функции, такие как вход в систему и запоминание ваших предпочтений.</span></p>\r\n<p>&nbsp;</p>\r\n<p><span style=\"font-family: \'Times New Roman\'; font-size: 13pt;\">• Функциональные файлы </span><span style=\"font-family: \'Times New Roman\'; font-size: 13pt;\">cookie</span><span style=\"font-family: \'Times New Roman\'; font-size: 13pt;\">. Эти файлы </span><span style=\"font-family: \'Times New Roman\'; font-size: 13pt;\">cookie</span><span style=\"font-family: \'Times New Roman\'; font-size: 13pt;\"> помогают нам улучшить функциональность Платформы и обеспечить более персонализированный опыт. Они позволяют нам запоминать ваши предпочтения и настройки, такие как предпочитаемый вами язык и местоположение.</span></p>\r\n<p>&nbsp;</p>\r\n<p><span style=\"font-family: \'Times New Roman\'; font-size: 13pt;\">• Аналитические файлы </span><span style=\"font-family: \'Times New Roman\'; font-size: 13pt;\">cookie</span><span style=\"font-family: \'Times New Roman\'; font-size: 13pt;\">: эти файлы </span><span style=\"font-family: \'Times New Roman\'; font-size: 13pt;\">cookie</span><span style=\"font-family: \'Times New Roman\'; font-size: 13pt;\"> собирают информацию о том, как вы используете Платформу, например, о страницах, которые вы посещаете, и ссылках, которые вы нажимаете. Мы используем эту информацию для анализа </span><span style=\"font-family: \'Times New Roman\'; font-size: 13pt;\">и улучшения Платформы, а также для измерения эффективности наших маркетинговых кампаний.</span></p>\r\n<p>&nbsp;</p>\r\n<p><span style=\"font-family: \'Times New Roman\'; font-size: 13pt;\">• Рекламные файлы </span><span style=\"font-family: \'Times New Roman\'; font-size: 13pt;\">cookie</span><span style=\"font-family: \'Times New Roman\'; font-size: 13pt;\">. Эти файлы </span><span style=\"font-family: \'Times New Roman\'; font-size: 13pt;\">cookie</span><span style=\"font-family: \'Times New Roman\'; font-size: 13pt;\"> используются для показа вам релевантной рекламы, соответствующей вашим интересам. Они отслеживают ваше поведение при просмотре различных веб-сайтов и создают профиль ваших интересов.</span></p>\r\n<p><span style=\"font-family: \'Times New Roman\'; font-size: 13pt;\">3. Как вы можете контролировать файлы </span><span style=\"font-family: \'Times New Roman\'; font-size: 13pt;\">cookie</span><span style=\"font-family: \'Times New Roman\'; font-size: 13pt;\">?</span></p>\r\n<p><span style=\"font-family: \'Times New Roman\'; font-size: 13pt;\">Вы можете управлять настройками файлов </span><span style=\"font-family: \'Times New Roman\'; font-size: 13pt;\">cookie</span><span style=\"font-family: \'Times New Roman\'; font-size: 13pt;\"> через настройки браузера. Большинство браузеров позволяют вам блокировать или удалять файлы </span><span style=\"font-family: \'Times New Roman\'; font-size: 13pt;\">cookie</span><span style=\"font-family: \'Times New Roman\'; font-size: 13pt;\"> или настроить ваш браузер так, чтобы он уведомлял вас о получении файла </span><span style=\"font-family: \'Times New Roman\'; font-size: 13pt;\">cookie</span><span style=\"font-family: \'Times New Roman\'; font-size: 13pt;\">. Однако отключение файлов </span><span style=\"font-family: \'Times New Roman\'; font-size: 13pt;\">cookie</span><span style=\"font-family: \'Times New Roman\'; font-size: 13pt;\"> может ограничить вашу возможность использовать некоторые функции Платформы.</span></p>\r\n<p><span style=\"font-family: \'Times New Roman\'; font-size: 13pt;\">Вы также можете узнать больше об управлении файлами </span><span style=\"font-family: \'Times New Roman\'; font-size: 13pt;\">cookie</span><span style=\"font-family: \'Times New Roman\'; font-size: 13pt;\"> и отказе от рекламы на основе интересов, посетив веб-сайты следующих организаций:</span></p>\r\n<p><span style=\"font-family: \'Times New Roman\'; font-size: 13pt;\">• Альянс цифровой рекламы (DAA): https://digitaladvertisingalliance.org/.</span></p>\r\n<p><span style=\"font-family: \'Times New Roman\'; font-size: 13pt;\">• Инициатива сетевой рекламы (NAI): https://thenai.org/opt-out/.</span></p>\r\n<p><span style=\"font-family: \'Times New Roman\'; font-size: 13pt;\">• Европейский альянс интерактивной цифровой рекламы (EDAA): https://www.youronlinechoices.com/uk/</span></p>\r\n<p>&nbsp;</p>\r\n<p><span style=\"font-family: \'Times New Roman\'; font-size: 13pt;\">В настоящей Политике использования файлов </span><span style=\"font-family: \'Times New Roman\'; font-size: 13pt;\">cookie</span><span style=\"font-family: \'Times New Roman\'; font-size: 13pt;\"> объясняется, как Plebscracy («мы», «нас» или «наш») использует файлы </span><span style=\"font-family: \'Times New Roman\'; font-size: 13pt;\">cookie</span><span style=\"font-family: \'Times New Roman\'; font-size: 13pt;\"> и аналогичные технологии («Файлы </span><span style=\"font-family: \'Times New Roman\'; font-size: 13pt;\">cookie</span><span style=\"font-family: \'Times New Roman\'; font-size: 13pt;\">»), когда вы получаете доступ и используете веб-сайт и платформу Plebscracy («Платформа»).</span></p>\r\n<p><span style=\"font-family: \'Times New Roman\'; font-size: 13pt;\">1. Что такое файлы </span><span style=\"font-family: \'Times New Roman\'; font-size: 13pt;\">cookie</span><span style=\"font-family: \'Times New Roman\'; font-size: 13pt;\">?</span></p>\r\n<p><span style=\"font-family: \'Times New Roman\'; font-size: 13pt;\">Файлы </span><span style=\"font-family: \'Times New Roman\'; font-size: 13pt;\">cookie</span><span style=\"font-family: \'Times New Roman\'; font-size: 13pt;\"> — это небольшие файлы, содержащие данные, которые загружаются на ваше устройство при посещении веб-сайта. Они позволяют веб-сайту запоминать информацию о вашем посещении, такую ​​как настройки вашего браузера и историю посещений. Это может сделать ваши последующие посещения веб-сайта более плавными и персонализированными.</span></p>\r\n<p><span style=\"font-family: \'Times New Roman\'; font-size: 13pt;\">2. Какие типы файлов </span><span style=\"font-family: \'Times New Roman\'; font-size: 13pt;\">cookie</span><span style=\"font-family: \'Times New Roman\'; font-size: 13pt;\"> мы используем?</span></p>\r\n<p><span style=\"font-family: \'Times New Roman\'; font-size: 13pt;\">На Платформе мы используем различные файлы </span><span style=\"font-family: \'Times New Roman\'; font-size: 13pt;\">cookie</span><span style=\"font-family: \'Times New Roman\'; font-size: 13pt;\">, которые можно разделить на следующие категории:</span></p>\r\n<p><span style=\"font-family: \'Times New Roman\'; font-size: 13pt;\">• Основные файлы </span><span style=\"font-family: \'Times New Roman\'; font-size: 13pt;\">cookie</span><span style=\"font-family: \'Times New Roman\'; font-size: 13pt;\">. Эти файлы </span><span style=\"font-family: \'Times New Roman\'; font-size: 13pt;\">cookie</span><span style=\"font-family: \'Times New Roman\'; font-size: 13pt;\"> необходимы для правильной работы Платформы и не могут быть отключены. Они позволяют вам </span><span style=\"font-family: \'Times New Roman\'; font-size: 13pt;\">перемещаться по Платформе и использовать ее функции, такие как вход в систему и запоминание ваших предпочтений.</span></p>\r\n<p>&nbsp;</p>\r\n<p><span style=\"font-family: \'Times New Roman\'; font-size: 13pt;\">• Функциональные файлы </span><span style=\"font-family: \'Times New Roman\'; font-size: 13pt;\">cookie</span><span style=\"font-family: \'Times New Roman\'; font-size: 13pt;\">. Эти файлы </span><span style=\"font-family: \'Times New Roman\'; font-size: 13pt;\">cookie</span><span style=\"font-family: \'Times New Roman\'; font-size: 13pt;\"> помогают нам улучшить функциональность Платформы и обеспечить более персонализированный опыт. Они позволяют нам запоминать ваши предпочтения и настройки, такие как предпочитаемый вами язык и местоположение.</span></p>\r\n<p>&nbsp;</p>\r\n<p><span style=\"font-family: \'Times New Roman\'; font-size: 13pt;\">• Аналитические файлы </span><span style=\"font-family: \'Times New Roman\'; font-size: 13pt;\">cookie</span><span style=\"font-family: \'Times New Roman\'; font-size: 13pt;\">: эти файлы </span><span style=\"font-family: \'Times New Roman\'; font-size: 13pt;\">cookie</span><span style=\"font-family: \'Times New Roman\'; font-size: 13pt;\"> собирают информацию о том, как вы используете Платформу, например, о страницах, которые вы посещаете, и ссылках, которые вы нажимаете. Мы используем эту информацию для анализа и улучшения Платформы, а также для измерения эффективности наших маркетинговых кампаний.</span></p>\r\n<p>&nbsp;</p>\r\n<p><span style=\"font-family: \'Times New Roman\'; font-size: 13pt;\">• Рекламные файлы </span><span style=\"font-family: \'Times New Roman\'; font-size: 13pt;\">cookie</span><span style=\"font-family: \'Times New Roman\'; font-size: 13pt;\">. Эти файлы </span><span style=\"font-family: \'Times New Roman\'; font-size: 13pt;\">cookie</span><span style=\"font-family: \'Times New Roman\'; font-size: 13pt;\"> используются для показа вам релевантной рекламы, соответствующей вашим интересам. Они отслеживают ваше поведение при просмотре различных веб-сайтов и создают профиль ваших интересов.</span></p>\r\n<p><span style=\"font-family: \'Times New Roman\'; font-size: 13pt;\">3. Как вы можете контролировать файлы </span><span style=\"font-family: \'Times New Roman\'; font-size: 13pt;\">cookie</span><span style=\"font-family: \'Times New Roman\'; font-size: 13pt;\">?</span></p>\r\n<p><span style=\"font-family: \'Times New Roman\'; font-size: 13pt;\">Вы можете управлять настройками файлов </span><span style=\"font-family: \'Times New Roman\'; font-size: 13pt;\">cookie</span><span style=\"font-family: \'Times New Roman\'; font-size: 13pt;\"> через настройки браузера. Большинство браузеров позволяют вам блокировать или удалять файлы </span><span style=\"font-family: \'Times New Roman\'; font-size: 13pt;\">cookie</span><span style=\"font-family: \'Times New Roman\'; font-size: 13pt;\"> или настроить ваш браузер так, чтобы он уведомлял вас о получении файла </span><span style=\"font-family: \'Times New Roman\'; font-size: 13pt;\">cookie</span><span style=\"font-family: \'Times New Roman\'; font-size: 13pt;\">. Однако отключение файлов </span><span style=\"font-family: \'Times New Roman\'; font-size: 13pt;\">cookie</span><span style=\"font-family: \'Times New Roman\'; font-size: 13pt;\"> может ограничить вашу возможность использовать некоторые функции Платформы.</span></p>\r\n<p><span style=\"font-family: \'Times New Roman\'; font-size: 13pt;\">Вы также можете узнать больше об управлении файлами </span><span style=\"font-family: \'Times New Roman\'; font-size: 13pt;\">cookie</span><span style=\"font-family: \'Times New Roman\'; font-size: 13pt;\"> и отказе от рекламы на основе интересов, посетив веб-сайты следующих организаций:</span></p>\r\n<p><span style=\"font-family: \'Times New Roman\'; font-size: 13pt;\">• Альянс цифровой рекламы (DAA): https://digitaladvertisingalliance.org/.</span></p>\r\n<p><span style=\"font-family: \'Times New Roman\'; font-size: 13pt;\">• Инициатива сетевой рекламы (NAI): https://thenai.org/opt-out/.</span></p>\r\n<p><span style=\"font-family: \'Times New Roman\'; font-size: 13pt;\">• Европейский альянс интерактивной цифровой рекламы (EDAA): https://www.youronlinechoices.com/uk/</span></p>\r\n<p>&nbsp;</p>\r\n<p>&nbsp;</p>\r\n</div>\r\n</body>\r\n</html>\r\n','cookie',0,1717577814,86);
INSERT INTO `docs` (`id`,`text`,`href`,`status`,`data`,`user`) VALUES 
 (21,'Заголовок','cookie_title',0,1717668474,86),
 (22,'Заголовок','cookie_title',0,1717668476,86),
 (23,'Заголовок','cookie_title',0,1717668565,86),
 (24,'Заголовок2','cookie_title',0,1717668568,86),
 (25,'Заголовок2','cookie_title',0,1717668668,86),
 (26,'Заголовок2','cookie_title',0,1717668715,86),
 (27,'Заголовок2','cookie_title',1,1717668732,86),
 (28,'<!DOCTYPE html>\r\n<!-- Generated by PHPWord -->\r\n<html lang=\'ru-RU\'>\r\n<head>\r\n<meta charset=\"UTF-8\" />\r\n<title>PHPWord</title>\r\n<meta name=\"author\" content=\"Иван Попов\" />\r\n<style>\r\nbody {font-family: \'Times New Roman\'; font-size: 13pt;}\r\n* {font-family: \'Times New Roman\'; font-size: 13pt;}\r\na.NoteRef {text-decoration: none;}\r\nhr {height: 1px; padding: 0; margin: 1em 0; border: 0; border-top: 1px solid #CCC;}\r\ntable {border: 1px solid black; border-spacing: 0px; width : 100%;}\r\ntd {border: 1px solid black;}\r\np, .Normal {margin-bottom: 8pt;}\r\n.Normal Table {table-layout: auto;}\r\n.Hyperlink {color: #0563C1; text-decoration: underline ;}\r\n.Unresolved Mention {color: #605E5C;}\r\n.List Paragraph {margin-left: 360in; margin-right: 0in;}\r\nbody > div + div {page-break-before: always;}\r\ndiv > *:first-child {page-break-before: auto;}\r\n@page page1 {size: A4 landscape; margin-right: 0.5in; margin-left: 0.5in; margin-top: 0.5in; margin-bottom: 0.5in; }\r\n</style>\r\n</head>\r\n<body>\r\n<div style=\'page: page1\'>\r\n<p><span style=\"font-weight: bold;\">1</span><span style=\"font-weight: bold;\">)</span></p>\r\n<p>Сколько займёт времени сделать такую доработку?</p>\r\n<p>У вопросов сделать два дополнительных счётчика для перехода в следующий раздел: по количеству ответов, по количеству Лайков.</p>\r\n<p>Работать это должно так.</p>\r\n<p>&nbsp;</p>\r\n<p>Вопрос в разделе Здесь отвечают на вопросы. </p>\r\n<p>Пошёл счётчик 24 часа и счётчик количества ответов. Например, количество ответов должно быть 20. Варианты результата:</p>\r\n<p>Набралось 20 ответов, но не прошло 24 часа. Вопрос переходит в следующий раздел, когда закончатся 24 часа. При этом пользователи могут дальше отвечать.</p>\r\n<p>Прошло 24 часа, но не набралось 20 ответов. Счётчик 24 часа продлевается ещё на 24 часа. Продление происходит до того момента, пока не наберётся 20 ответов. Когда 20 ответов набралось и 24 часа закончились, то вопрос переходит в следующий раздел.</p>\r\n<p>&nbsp;</p>\r\n<p>Вопрос в разделе Здесь голосуют по ответам. </p>\r\n<p>Пошёл счётчик 24 часа и счётчик количества Лайков. Например, количество Лайков должно быть 200. Варианты результата:</p>\r\n<p>Набралось 200 Лайков у ответов, но не прошло 24 часа. Вопрос переходит в следующий раздел, когда закончатся 24 часа. При этом пользователи могут дальше Лайкать.</p>\r\n<p>Прошло 24 часа, но не набралось 200 Лайков. Счётчик 24 часа продлевается ещё на 24 часа. Продление происходит до того момента, пока не наберётся 200 Лайков. Когда 200 Лайков набралось и 24 часа закончились, то вопрос переходит в следующий раздел.</p>\r\n<p>&nbsp;</p>\r\n<p>&nbsp;</p>\r\n<p>&nbsp;</p>\r\n<p>&nbsp;</p>\r\n</div>\r\n</body>\r\n</html>\r\n','popup_text',0,1717668808,86),
 (29,'Заголовок окна','popup_title',0,1717668846,86),
 (30,'Добро пожаловать на наш сайт','popup_title',0,1717678793,86),
 (31,'<!DOCTYPE html>\r\n<!-- Generated by PHPWord -->\r\n<html>\r\n<head>\r\n<meta charset=\"UTF-8\" />\r\n<title>PHPWord</title>\r\n<meta name=\"author\" content=\"adam jbr\" />\r\n<style>\r\nbody {font-family: \'Arial\'; font-size: 11pt;}\r\n* {font-family: \'Arial\'; font-size: 11pt;}\r\na.NoteRef {text-decoration: none;}\r\nhr {height: 1px; padding: 0; margin: 1em 0; border: 0; border-top: 1px solid #CCC;}\r\ntable {border: 1px solid black; border-spacing: 0px; width : 100%;}\r\ntd {border: 1px solid black;}\r\np, .Normal {margin-bottom: 8pt;}\r\n.Normal Table {table-layout: auto;}\r\n.Hyperlink {color: #0563C1; text-decoration: underline ;}\r\n.Unresolved Mention {color: #605E5C;}\r\n.List Paragraph {margin-left: 360in; margin-right: 0in;}\r\nbody > div + div {page-break-before: always;}\r\ndiv > *:first-child {page-break-before: auto;}\r\n@page page1 {size: A4 portrait; margin-right: 1in; margin-left: 1in; margin-top: 1in; margin-bottom: 1in; }\r\n</style>\r\n</head>\r\n<body>\r\n<div style=\'page: page1\'>\r\n<p style=\"text-align: center;\"><br />\r\n<span style=\"font-size: 14pt; font-weight: bold;\">PLEBSCRACY COOKIE POLICY</span></p>\r\n<p style=\"text-align: center;\">Effective Date: <span lang=\'en-US\'>1</span><span lang=\'en-US\' style=\"vertical-align: super;\">st</span><span lang=\'en-US\'> January 2024</span></p>\r\n<p>This Cookie Policy explains how Plebscracy (&quot;we,&quot; &quot;us,&quot; or &quot;our&quot;) uses cookies and similar technologies (&quot;Cookies&quot;) when you access and use the Plebscracy website and platform (&quot;Platform&quot;).</p>\r\n<p><span style=\"font-weight: bold;\">1. What Are Cookies?</span></p>\r\n<p>Cookies are small files containing data that are downloaded to your device when you visit a website. They allow the website to remember information about your visit, such as your browser preferences and browsing history. This can make your subsequent visits to the website smoother and more personalized.</p>\r\n<p><span style=\"font-weight: bold;\">2. What Types of Cookies Do We Use?</span></p>\r\n<p>We use a variety of Cookies on the Platform, which can be categorized as follows:</p>\r\n<p>Essential Cookies: These Cookies are necessary for the Platform to function properly and cannot be disabled. They allow you to navigate the Platform and use its features, such as logging in and remembering your preferences.</p>\r\n\r\n<p>&nbsp;</p>\r\n<p>Functional Cookies: These Cookies help us improve the functionality of the Platform and provide a more personalized experience. They allow us to remember your preferences and settings, such as your preferred language and location.</p>\r\n<p>&nbsp;</p>\r\n\r\n<p>Analytics Cookies: These Cookies collect information about how you use the Platform, such as the pages you visit and the links you click. We use this information to analyze and improve the Platform, as well as to measure the effectiveness of our marketing campaigns.</p>\r\n<p>&nbsp;</p>\r\n\r\n<p>Advertising Cookies: These Cookies are used to show you relevant advertising based on your interests. They track your browsing behavior across different websites and build a profile of your interests.</p>\r\n\r\n<p><span style=\"font-weight: bold;\">3. How Can You Control Cookies?</span></p>\r\n<p>You can control your Cookie preferences through your browser settings. Most browsers allow you to block or delete Cookies, or set your browser to notify you when you receive a Cookie. However, disabling Cookies may limit your ability to use some features of the Platform.</p>\r\n<p>You can also learn more about managing Cookies and opt-out of interest-based advertising by visiting the websites of the following organizations:</p>\r\n<p>Digital Advertising Alliance (DAA): </p>\r\n<p><a href=\"https://digitaladvertisingalliance.org/\">https://digitaladvertisingalliance.org/</a></p>\r\n\r\n<p>Network Advertising Initiative (NAI): </p>\r\n<p><a href=\"https://thenai.org/opt-out/\">https://thenai.org/opt-out/</a></p>\r\n\r\n<p>European Interactive Digital Advertising Alliance (EDAA): </p>\r\n<p><a href=\"https://www.youronlinechoices.com/uk/\">https://www.youronlinechoices.com/uk/</a></p>\r\n\r\n<p><span style=\"font-weight: bold;\">4. Changes to this Policy</span></p>\r\n<p>We may update this Cookie Policy from time to time. We will notify you of any material changes to the Policy by posting a notice on the Platform or by contacting you directly. We encourage you to review this Policy regularly for the latest information about our Cookie practices.</p>\r\n<p><span style=\"font-weight: bold;\">5. Contact Us</span></p>\r\n<p>If you have any questions or concerns about this Cookie Policy or our data practices, please contact us at<span lang=\'en-US\'> </span><span lang=\'en-US\'>info@</span><span lang=\'en-US\' style=\"color: #auto;\">p</span><span style=\"color: #auto;\">lebscracy</span><span lang=\'en-US\' style=\"color: #auto;\">.com</span>.</p>\r\n<p>Additional Information:</p>\r\n<p>This Cookie Policy should be read in conjunction with our Privacy Policy, which provides more information about how we collect, use, and disclose your Personal Data.</p>\r\n\r\n<p>We may use other tracking technologies in addition to Cookies, such as web beacons and pixel tags. These technologies work in a similar way to Cookies and are used to collect information about your use of the Platform.</p>\r\n\r\n<p>We may partner with third-party service providers who use Cookies and other tracking technologies on the Platform. These service providers help us operate and improve the Platform, and they may collect information about your use of the Platform for their own purposes.</p>\r\n\r\n<p>We hope this Cookie Policy provides you with clear and comprehensive information about how we use Cookies on the Platform. Please do not hesitate to contact us if you have any questions.</p>\r\n<p>&nbsp;</p>\r\n</div>\r\n</body>\r\n</html>\r\n','cookie',1,1717679394,86),
 (32,'<!DOCTYPE html>\r\n<!-- Generated by PHPWord -->\r\n<html lang=\'ru-RU\'>\r\n<head>\r\n<meta charset=\"UTF-8\" />\r\n<title>PHPWord</title>\r\n<meta name=\"author\" content=\"Иван Попов\" />\r\n<style>\r\nbody {font-family: \'Times New Roman\'; font-size: 13pt;}\r\n* {font-family: \'Times New Roman\'; font-size: 13pt;}\r\na.NoteRef {text-decoration: none;}\r\nhr {height: 1px; padding: 0; margin: 1em 0; border: 0; border-top: 1px solid #CCC;}\r\ntable {border: 1px solid black; border-spacing: 0px; width : 100%;}\r\ntd {border: 1px solid black;}\r\np, .Normal {margin-bottom: 8pt;}\r\n.Normal Table {table-layout: auto;}\r\n.HTML Preformatted {font-family: \'Courier New\'; font-size: 10pt;}\r\n.Стандартный HTML Знак {font-family: \'Courier New\'; font-size: 10pt;}\r\nbody > div + div {page-break-before: always;}\r\ndiv > *:first-child {page-break-before: auto;}\r\n@page page1 {size: A4 portrait; margin-right: 0.59027777777778in; margin-left: 1.18125in; margin-top: 0.7875in; margin-bottom: 0.7875in; }\r\n</style>\r\n</head>\r\n<body>\r\n<div style=\'page: page1\'>\r\n<p style=\"text-align: justify; margin-bottom: 0pt;\"><span style=\"font-family: \'Times New Roman\'; font-size: 13pt; color: #000000;\">  </span><span style=\"font-family: \'Times New Roman\'; font-size: 13pt; color: #000000;\">Было  утро</span><span style=\"font-family: \'Times New Roman\'; font-size: 13pt; color: #000000;\">, и солнце  опять залило сияющим золотом спокойное море, чуть</span></p>\r\n<p style=\"text-align: justify; margin-bottom: 0pt;\"><span style=\"font-family: \'Times New Roman\'; font-size: 13pt; color: #000000;\">подернутое рябью.</span></p>\r\n<p style=\"text-align: justify; margin-bottom: 0pt;\"><span style=\"font-family: \'Times New Roman\'; font-size: 13pt; color: #000000;\">     </span><span style=\"font-family: \'Times New Roman\'; font-size: 13pt; color: #000000;\">В  миле</span><span style=\"font-family: \'Times New Roman\'; font-size: 13pt; color: #000000;\"> от  берега забрасывал  сети  рыбацкий баркас, и,  когда по </span><span style=\"font-family: \'Times New Roman\'; font-size: 13pt; color: #000000; font-weight: bold;\">Стае</span></p>\r\n<p style=\"text-align: justify; margin-bottom: 0pt;\"><span style=\"font-family: \'Times New Roman\'; font-size: 13pt; color: #000000; font-weight: bold;\">имени  Завтрака</span><span style=\"font-family: \'Times New Roman\'; font-size: 13pt; color: #000000;\">  разнеслось </span><span style=\"font-family: \'Times New Roman\'; font-size: 13pt; color: #000000; font-style: italic;\">Слово</span><span style=\"font-family: \'Times New Roman\'; font-size: 13pt; color: #000000;\">,  тысяча чаек разом  поднялась в  воздух,</span></p>\r\n<p style=\"text-align: justify; margin-bottom: 0pt;\"><span style=\"font-family: \'Times New Roman\'; font-size: 13pt; color: #000000;\">чтобы начать между собой привычную битву за кусочки пищи. Начинался еще один</span></p>\r\n<p style=\"text-align: justify; margin-bottom: 0pt;\"><span style=\"font-family: \'Times New Roman\'; font-size: 13pt; color: #000000;\">день, полный забот.</span></p>\r\n<p style=\"text-align: justify; margin-bottom: 0pt;\"><span style=\"font-family: \'Times New Roman\'; font-size: 13pt; color: #000000;\">     Но далеко в стороне, паря в </span><span style=\"font-family: \'Times New Roman\'; font-size: 13pt; color: #000000;\">полном  одиночестве</span><span style=\"font-family: \'Times New Roman\'; font-size: 13pt; color: #000000;\"> над  баркасом и берегом</span></p>\r\n<p style=\"text-align: justify; margin-bottom: 0pt;\"><span style=\"font-family: \'Times New Roman\'; font-size: 13pt; color: #000000;\">моря,  чайка</span><span style=\"font-family: \'Times New Roman\'; font-size: 13pt; color: #000000;\"> по имени Джонатан Ливингстон  занимался  совсем иным. На высоте</span></p>\r\n<p style=\"text-align: justify; margin-bottom: 0pt;\"><span style=\"font-family: \'Times New Roman\'; font-size: 13pt; color: #000000;\">сто футов он опустил </span><span style=\"font-family: \'Times New Roman\'; font-size: 13pt; color: #000000;\">свои  перепончатые</span><span style=\"font-family: \'Times New Roman\'; font-size: 13pt; color: #000000;\"> лапки,  задрал  клюв и,  превозмогая</span></p>\r\n<p style=\"text-align: justify; margin-bottom: 0pt;\"><span style=\"font-family: \'Times New Roman\'; font-size: 13pt; color: #000000;\">боль,  напряг</span><span style=\"font-family: \'Times New Roman\'; font-size: 13pt; color: #000000;\"> все мышцы,  чтобы еще  круче изогнуть  крылья.  Так </span><span style=\"font-family: \'Times New Roman\'; font-size: 13pt; color: #000000;\">он  сможет</span></p>\r\n<p style=\"text-align: justify; margin-bottom: 0pt;\"><span style=\"font-family: \'Times New Roman\'; font-size: 13pt; color: #000000;\">лететь очень медленно, и наконец он настолько замедлил свой полет, что свист</span></p>\r\n<p style=\"text-align: justify; margin-bottom: 0pt;\"><span style=\"font-family: \'Times New Roman\'; font-size: 13pt; color: #000000;\">ветра </span><span style=\"font-family: \'Times New Roman\'; font-size: 13pt; color: #000000;\">превратился  в</span><span style=\"font-family: \'Times New Roman\'; font-size: 13pt; color: #000000;\">  тихий  шепот,  а  океан  под ним  замер  неподвижно. В</span></p>\r\n<p style=\"text-align: justify; margin-bottom: 0pt;\"><span style=\"font-family: \'Times New Roman\'; font-size: 13pt; color: #000000;\">яростном  напряжении</span><span style=\"font-family: \'Times New Roman\'; font-size: 13pt; color: #000000;\"> он прищурился, затаил дыхание и еще ... на ... дюйм ...</span></p>\r\n<p style=\"text-align: justify; margin-bottom: 0pt;\"><span style=\"font-family: \'Times New Roman\'; font-size: 13pt; color: #000000;\">заломил крыло.  И </span><span style=\"font-family: \'Times New Roman\'; font-size: 13pt; color: #000000;\">тут  его</span><span style=\"font-family: \'Times New Roman\'; font-size: 13pt; color: #000000;\"> перья встали  дыбом, он совсем потерял скорость и</span></p>\r\n<p style=\"text-align: justify; margin-bottom: 0pt;\"><span style=\"font-family: \'Times New Roman\'; font-size: 13pt; color: #000000;\">рухнул вниз.</span></p>\r\n<p style=\"text-align: justify; margin-bottom: 0pt;\"><span style=\"font-family: \'Times New Roman\'; font-size: 13pt; color: #000000;\">     Чайки, </span><span style=\"font-family: \'Times New Roman\'; font-size: 13pt; color: #000000;\">как  вы</span><span style=\"font-family: \'Times New Roman\'; font-size: 13pt; color: #000000;\">  знаете,  никогда  не замирают в  воздухе.  Это </span><span style=\"font-family: \'Times New Roman\'; font-size: 13pt; color: #000000;\">для  них</span></p>\r\n<p style=\"text-align: justify; margin-bottom: 0pt;\"><span style=\"font-family: \'Times New Roman\'; font-size: 13pt; color: #000000;\">бесчестье и позор.</span></p>\r\n<p style=\"text-align: justify; margin-bottom: 0pt;\"><span style=\"font-family: \'Times New Roman\'; font-size: 13pt; color: #000000;\">     </span><span style=\"font-family: \'Times New Roman\'; font-size: 13pt; color: #000000;\">Но  чайка</span><span style=\"font-family: \'Times New Roman\'; font-size: 13pt; color: #000000;\"> по  имени Джонатан  Ливингстон,  без тени стыда заново  круто</span></p>\r\n<p style=\"text-align: justify; margin-bottom: 0pt;\"><span style=\"font-family: \'Times New Roman\'; font-size: 13pt; color: #000000;\">изгибавший дрожащие от напряжения крылья - чтобы снова замедлить свой полет,</span></p>\r\n<p style=\"text-align: justify; margin-bottom: 0pt;\"><span style=\"font-family: \'Times New Roman\'; font-size: 13pt; color: #000000;\">а потом опять рухнуть вниз - был вовсе не обычной птицей.</span></p>\r\n<p style=\"text-align: justify; margin-bottom: 0pt;\"><span style=\"font-family: \'Times New Roman\'; font-size: 13pt; color: #000000;\">     </span><span style=\"font-family: \'Times New Roman\'; font-size: 13pt; color: #000000;\">Большинство  чаек</span><span style=\"font-family: \'Times New Roman\'; font-size: 13pt; color: #000000;\">  не  утруждают себя излишними знаниями о  полете - им</span></p>\r\n<p style=\"text-align: justify; margin-bottom: 0pt;\"><span style=\"font-family: \'Times New Roman\'; font-size: 13pt; color: #000000;\">вполне  достаточно</span><span style=\"font-family: \'Times New Roman\'; font-size: 13pt; color: #000000;\">  научиться  летать  от  берега  до  пищи и  обратно.  Для</span></p>\r\n<p style=\"text-align: justify; margin-bottom: 0pt;\"><span style=\"font-family: \'Times New Roman\'; font-size: 13pt; color: #000000;\">большинства </span><span style=\"font-family: \'Times New Roman\'; font-size: 13pt; color: #000000;\">чаек  главное</span><span style=\"font-family: \'Times New Roman\'; font-size: 13pt; color: #000000;\">  не  полет,  а  еда.  Для </span><span style=\"font-family: \'Times New Roman\'; font-size: 13pt; color: #000000;\">этой  же</span><span style=\"font-family: \'Times New Roman\'; font-size: 13pt; color: #000000;\">  чайки, главное</span></p>\r\n<p style=\"text-align: justify; margin-bottom: 0pt;\"><span style=\"font-family: \'Times New Roman\'; font-size: 13pt; color: #000000;\">заключалось не в еде, а в самом полете. Больше всего на свете чайка по имени</span></p>\r\n<p style=\"text-align: justify; margin-bottom: 0pt;\"><span style=\"font-family: \'Times New Roman\'; font-size: 13pt; color: #000000;\">Джонатан Ливингстон любил летать.</span></p>\r\n<p style=\"text-align: justify; margin-bottom: 0pt;\"><span style=\"font-family: \'Times New Roman\'; font-size: 13pt; color: #000000;\">     Подобный   образ   </span><span style=\"font-family: \'Times New Roman\'; font-size: 13pt; color: #000000;\">мыслей,   </span><span style=\"font-family: \'Times New Roman\'; font-size: 13pt; color: #000000;\">как   выяснилось,  не  сулил  ему  большой</span></p>\r\n<p style=\"text-align: justify; margin-bottom: 0pt;\"><span style=\"font-family: \'Times New Roman\'; font-size: 13pt; color: #000000;\">популярности. Даже его родители не очень-то одобряли то, что Джонатан целыми</span></p>\r\n<p style=\"text-align: justify; margin-bottom: 0pt;\"><span style=\"font-family: \'Times New Roman\'; font-size: 13pt; color: #000000;\">днями летал один, </span><span style=\"font-family: \'Times New Roman\'; font-size: 13pt; color: #000000;\">сотни  раз</span><span style=\"font-family: \'Times New Roman\'; font-size: 13pt; color: #000000;\"> повторяя свои  эксперименты с  планированием на</span></p>\r\n<p style=\"text-align: justify; margin-bottom: 0pt;\"><span style=\"font-family: \'Times New Roman\'; font-size: 13pt; color: #000000;\">малых высотах.</span></p>\r\n<p style=\"text-align: justify; margin-bottom: 0pt;\"><span style=\"font-family: \'Times New Roman\'; font-size: 13pt; color: #000000;\">     </span><span style=\"font-family: \'Times New Roman\'; font-size: 13pt; color: #000000;\">Он  не</span><span style=\"font-family: \'Times New Roman\'; font-size: 13pt; color: #000000;\"> знал, например, почему,  летя над водой  на высоте меньше  длины</span></p>\r\n<p style=\"text-align: justify; margin-bottom: 0pt;\"><span style=\"font-family: \'Times New Roman\'; font-size: 13pt; color: #000000;\">крыла, он </span><span style=\"font-family: \'Times New Roman\'; font-size: 13pt; color: #000000;\">оставался  в</span><span style=\"font-family: \'Times New Roman\'; font-size: 13pt; color: #000000;\">  воздухе  дольше  и  меньше  уставал. </span><span style=\"font-family: \'Times New Roman\'; font-size: 13pt; color: #000000;\">В  конце</span><span style=\"font-family: \'Times New Roman\'; font-size: 13pt; color: #000000;\"> своего</span></p>\r\n<p style=\"text-align: justify; margin-bottom: 0pt;\"><span style=\"font-family: \'Times New Roman\'; font-size: 13pt; color: #000000;\">планирующего полета он не как обычно бухался в море, </span><span style=\"font-family: \'Times New Roman\'; font-size: 13pt; color: #000000;\">поднимая  фонтан</span><span style=\"font-family: \'Times New Roman\'; font-size: 13pt; color: #000000;\"> брызг,</span></p>\r\n<p style=\"text-align: justify; margin-bottom: 0pt;\"><span style=\"font-family: \'Times New Roman\'; font-size: 13pt; color: #000000;\">а долго скользил по волнам, </span><span style=\"font-family: \'Times New Roman\'; font-size: 13pt; color: #000000;\">касаясь  воды</span><span style=\"font-family: \'Times New Roman\'; font-size: 13pt; color: #000000;\"> лапками,  тесно  прижатыми к телу.</span></p>\r\n<p style=\"text-align: justify; margin-bottom: 0pt;\"><span style=\"font-family: \'Times New Roman\'; font-size: 13pt; color: #000000;\">Когда он приземлился </span><span style=\"font-family: \'Times New Roman\'; font-size: 13pt; color: #000000;\">таким  же</span><span style=\"font-family: \'Times New Roman\'; font-size: 13pt; color: #000000;\"> образом и на берег, а затем принялся измерять</span></p>\r\n<p style=\"text-align: justify; margin-bottom: 0pt;\"><span style=\"font-family: \'Times New Roman\'; font-size: 13pt; color: #000000;\">шагами   </span><span style=\"font-family: \'Times New Roman\'; font-size: 13pt; color: #000000;\">расстояние,  которое</span><span style=\"font-family: \'Times New Roman\'; font-size: 13pt; color: #000000;\">   он  </span><span style=\"font-family: \'Times New Roman\'; font-size: 13pt; color: #000000;\">проскользил</span><span style=\"font-family: \'Times New Roman\'; font-size: 13pt; color: #000000;\">  по   песку,  его   родители</span></p>\r\n<p style=\"text-align: justify; margin-bottom: 0pt;\"><span style=\"font-family: \'Times New Roman\'; font-size: 13pt; color: #000000;\">встревожились не на шутку.</span></p>\r\n<p style=\"text-align: justify; margin-bottom: 0pt;\"><span style=\"font-family: \'Times New Roman\'; font-size: 13pt; color: #000000;\">     -  </span><span style=\"font-family: \'Times New Roman\'; font-size: 13pt; color: #000000;\">Ну  почему</span><span style=\"font-family: \'Times New Roman\'; font-size: 13pt; color: #000000;\">, Джон, почему? - причитала  его  мать.-  Почему  тебе так</span></p>\r\n<p style=\"text-align: justify; margin-bottom: 0pt;\"><span style=\"font-family: \'Times New Roman\'; font-size: 13pt; color: #000000;\">тяжело походить на других в нашей стае, Джон? Зачем ты летаешь так низко, ты</span></p>\r\n<p style=\"text-align: justify; margin-bottom: 0pt;\"><span style=\"font-family: \'Times New Roman\'; font-size: 13pt; color: #000000;\">же не </span><span style=\"font-family: \'Times New Roman\'; font-size: 13pt; color: #000000;\">пеликан  и</span><span style=\"font-family: \'Times New Roman\'; font-size: 13pt; color: #000000;\">  не альбатрос. </span><span style=\"font-family: \'Times New Roman\'; font-size: 13pt; color: #000000;\">Тебе  надо</span><span style=\"font-family: \'Times New Roman\'; font-size: 13pt; color: #000000;\"> хорошо питаться. Сынок, у тебя же</span></p>\r\n<p style=\"text-align: justify; margin-bottom: 0pt;\"><span style=\"font-family: \'Times New Roman\'; font-size: 13pt; color: #000000;\">остались одни перья да кости!</span></p>\r\n<p style=\"text-align: justify; margin-bottom: 0pt;\"><span style=\"font-family: \'Times New Roman\'; font-size: 13pt; color: #000000;\">     - Мамочка, ну и пусть </span><span style=\"font-family: \'Times New Roman\'; font-size: 13pt; color: #000000;\">у  меня</span><span style=\"font-family: \'Times New Roman\'; font-size: 13pt; color: #000000;\"> будут лишь перья да кости. </span><span style=\"font-family: \'Times New Roman\'; font-size: 13pt; color: #000000;\">Я  просто</span><span style=\"font-family: \'Times New Roman\'; font-size: 13pt; color: #000000;\"> хочу</span></p>\r\n<p style=\"text-align: justify; margin-bottom: 0pt;\"><span style=\"font-family: \'Times New Roman\'; font-size: 13pt; color: #000000;\">узнать, на что я способен в воздухе, вот и все. Я просто хочу узнать.</span></p>\r\n<p style=\"text-align: justify; margin-bottom: 0pt;\"><span style=\"font-family: \'Times New Roman\'; font-size: 13pt; color: #000000;\">     -  </span><span style=\"font-family: \'Times New Roman\'; font-size: 13pt; color: #000000;\">Послушай,  Джонатан</span><span style=\"font-family: \'Times New Roman\'; font-size: 13pt; color: #000000;\">,-  сказал его  отец,  и  в  голосе  его  звучала</span></p>\r\n<p style=\"text-align: justify; margin-bottom: 0pt;\"><span style=\"font-family: \'Times New Roman\'; font-size: 13pt; color: #000000;\">доброта.-</span><span style=\"font-family: \'Times New Roman\'; font-size: 13pt; color: #000000;\">  Зима  уже близко. Лодок будет мало, </span><span style=\"font-family: \'Times New Roman\'; font-size: 13pt; color: #000000;\">а  рыба</span><span style=\"font-family: \'Times New Roman\'; font-size: 13pt; color: #000000;\"> уйдет в глубину. Если</span></p>\r\n<p style=\"text-align: justify; margin-bottom: 0pt;\"><span style=\"font-family: \'Times New Roman\'; font-size: 13pt; color: #000000;\">тебе  обязательно</span><span style=\"font-family: \'Times New Roman\'; font-size: 13pt; color: #000000;\"> надо учиться, тогда изучай пищу, и как ее побольше добыть.</span></p>\r\n<p style=\"text-align: justify; margin-bottom: 0pt;\"><span style=\"font-family: \'Times New Roman\'; font-size: 13pt; color: #000000;\">То,  что</span><span style=\"font-family: \'Times New Roman\'; font-size: 13pt; color: #000000;\">  ты  изучаешь  полет,  конечно,  неплохо,  но, сам понимаешь, одним</span></p>\r\n<p style=\"text-align: justify; margin-bottom: 0pt;\"><span style=\"font-family: \'Times New Roman\'; font-size: 13pt; color: #000000;\">полетом сыт не будешь.  Не </span><span style=\"font-family: \'Times New Roman\'; font-size: 13pt; color: #000000;\">забывай,  что</span><span style=\"font-family: \'Times New Roman\'; font-size: 13pt; color: #000000;\"> ты  летаешь только  для того, чтобы</span></p>\r\n<p style=\"text-align: justify; margin-bottom: 0pt;\"><span style=\"font-family: \'Times New Roman\'; font-size: 13pt; color: #000000;\">есть.</span></p>\r\n<p style=\"text-align: justify; margin-bottom: 0pt;\"><span style=\"font-family: \'Times New Roman\'; font-size: 13pt; color: #000000;\">     Джонатан послушно кивнул.  И несколько дней старался </span><span style=\"font-family: \'Times New Roman\'; font-size: 13pt; color: #000000;\">вести  себя</span><span style=\"font-family: \'Times New Roman\'; font-size: 13pt; color: #000000;\"> как  и</span></p>\r\n<p style=\"text-align: justify; margin-bottom: 0pt;\"><span style=\"font-family: \'Times New Roman\'; font-size: 13pt; color: #000000;\">все;  он</span><span style=\"font-family: \'Times New Roman\'; font-size: 13pt; color: #000000;\">  честно старался,  с криком кружил в стае  вокруг пирсов и рыбацких</span></p>\r\n<p style=\"text-align: justify; margin-bottom: 0pt;\"><span style=\"font-family: \'Times New Roman\'; font-size: 13pt; color: #000000;\">баркасов, сражаясь за кусочки хлеба и рыбы. Но у него ничего не получилось.</span></p>\r\n<p style=\"text-align: justify; margin-bottom: 0pt;\"><span style=\"font-family: \'Times New Roman\'; font-size: 13pt; color: #000000;\">     </span><span style=\"font-family: \'Times New Roman\'; font-size: 13pt; color: #000000;\">Все  это</span><span style=\"font-family: \'Times New Roman\'; font-size: 13pt; color: #000000;\">  совершенно  бессмысленно, думал  он,  нарочно уронив  треску,</span></p>\r\n<p style=\"text-align: justify; margin-bottom: 0pt;\"><span style=\"font-family: \'Times New Roman\'; font-size: 13pt; color: #000000;\">доставшуюся ему </span><span style=\"font-family: \'Times New Roman\'; font-size: 13pt; color: #000000;\">с  большим</span><span style=\"font-family: \'Times New Roman\'; font-size: 13pt; color: #000000;\">  трудом - ее  тут же  подхватила  старая голодная</span></p>\r\n<p style=\"text-align: justify; margin-bottom: 0pt;\"><span style=\"font-family: \'Times New Roman\'; font-size: 13pt; color: #000000;\">чайка, гнавшаяся за ним. Все это выброшенное на ветер время я мог бы учиться</span></p>\r\n<p style=\"text-align: justify; margin-bottom: 0pt;\"><span style=\"font-family: \'Times New Roman\'; font-size: 13pt; color: #000000;\">летать. А мне так много еще надо узнать!</span></p>\r\n<p style=\"text-align: justify; margin-bottom: 0pt;\"><span style=\"font-family: \'Times New Roman\'; font-size: 13pt; color: #000000;\">     </span><span style=\"font-family: \'Times New Roman\'; font-size: 13pt; color: #000000;\">И  вскоре</span><span style=\"font-family: \'Times New Roman\'; font-size: 13pt; color: #000000;\"> чайка  Джонатан  снова  в одиночестве парил вдали от  берегов</span></p>\r\n<p style=\"text-align: justify; margin-bottom: 0pt;\"><span style=\"font-family: \'Times New Roman\'; font-size: 13pt; color: #000000;\">счастливый, голодный, постигающий неизведанное.</span></p>\r\n<p style=\"text-align: justify; margin-bottom: 0pt;\"><span style=\"font-family: \'Times New Roman\'; font-size: 13pt; color: #000000;\">     </span><span style=\"font-family: \'Times New Roman\'; font-size: 13pt; color: #000000;\">Теперь  он</span><span style=\"font-family: \'Times New Roman\'; font-size: 13pt; color: #000000;\">  изучал скорость и за неделю узнал  о  ней больше, чем самая</span></p>\r\n<p style=\"text-align: justify; margin-bottom: 0pt;\"><span style=\"font-family: \'Times New Roman\'; font-size: 13pt; color: #000000;\">быстрая чайка на свете.</span></p>\r\n<p style=\"text-align: justify; margin-bottom: 0pt;\"><span style=\"font-family: \'Times New Roman\'; font-size: 13pt; color: #000000;\">     На высоте тысячи футов он разогнался, что было сил, и нырнул в отвесное</span></p>\r\n<p style=\"text-align: justify; margin-bottom: 0pt;\"><span style=\"font-family: \'Times New Roman\'; font-size: 13pt; color: #000000;\">пике. Тогда </span><span style=\"font-family: \'Times New Roman\'; font-size: 13pt; color: #000000;\">он  узнал</span><span style=\"font-family: \'Times New Roman\'; font-size: 13pt; color: #000000;\">, почему чайки  не ныряют  в  скоростное отвесное пике.</span></p>\r\n<p style=\"text-align: justify; margin-bottom: 0pt;\"><span style=\"font-family: \'Times New Roman\'; font-size: 13pt; color: #000000;\">Всего лишь </span><span style=\"font-family: \'Times New Roman\'; font-size: 13pt; color: #000000;\">через  шесть</span><span style=\"font-family: \'Times New Roman\'; font-size: 13pt; color: #000000;\"> секунд  он набрал скорость семьдесят миль в час, при</span></p>\r\n<p style=\"text-align: justify; margin-bottom: 0pt;\"><span style=\"font-family: \'Times New Roman\'; font-size: 13pt; color: #000000;\">которой крыло на взмахе становится неустойчивым.</span></p>\r\n<p style=\"text-align: justify; margin-bottom: 0pt;\"><span style=\"font-family: \'Times New Roman\'; font-size: 13pt; color: #000000;\">     </span><span style=\"font-family: \'Times New Roman\'; font-size: 13pt; color: #000000;\">Это  повторялось</span><span style=\"font-family: \'Times New Roman\'; font-size: 13pt; color: #000000;\">  раз  за  разом. Он </span><span style=\"font-family: \'Times New Roman\'; font-size: 13pt; color: #000000;\">был  очень</span><span style=\"font-family: \'Times New Roman\'; font-size: 13pt; color: #000000;\"> внимателен, работая  на</span></p>\r\n<p style=\"text-align: justify; margin-bottom: 0pt;\"><span style=\"font-family: \'Times New Roman\'; font-size: 13pt; color: #000000;\">пределе  своих</span><span style=\"font-family: \'Times New Roman\'; font-size: 13pt; color: #000000;\">  возможностей,  но  каждый  раз  при  наборе  скорости  терял</span></p>\r\n<p style=\"text-align: justify; margin-bottom: 0pt;\"><span style=\"font-family: \'Times New Roman\'; font-size: 13pt; color: #000000;\">управление.</span></p>\r\n<p style=\"text-align: justify; margin-bottom: 0pt;\"><span style=\"font-family: \'Times New Roman\'; font-size: 13pt; color: #000000;\">     Подъем до тысячи футов. Вначале предельно разогнаться по прямой, потом,</span></p>\r\n<p style=\"text-align: justify; margin-bottom: 0pt;\"><span style=\"font-family: \'Times New Roman\'; font-size: 13pt; color: #000000;\">продолжая  работать</span><span style=\"font-family: \'Times New Roman\'; font-size: 13pt; color: #000000;\"> крыльями, нырнуть круто вниз. </span><span style=\"font-family: \'Times New Roman\'; font-size: 13pt; color: #000000;\">Затем,  и</span><span style=\"font-family: \'Times New Roman\'; font-size: 13pt; color: #000000;\"> это  повторялось</span></p>\r\n<p style=\"text-align: justify; margin-bottom: 0pt;\"><span style=\"font-family: \'Times New Roman\'; font-size: 13pt; color: #000000;\">каждый  раз</span><span style=\"font-family: \'Times New Roman\'; font-size: 13pt; color: #000000;\">, его левое  крыло выгибалось  на  взмахе,  и  он начинал  быстро</span></p>\r\n<p style=\"text-align: justify; margin-bottom: 0pt;\"><span style=\"font-family: \'Times New Roman\'; font-size: 13pt; color: #000000;\">вращаться влево.  </span><span style=\"font-family: \'Times New Roman\'; font-size: 13pt; color: #000000;\">Чтобы  выровняться</span><span style=\"font-family: \'Times New Roman\'; font-size: 13pt; color: #000000;\">,  он  выгибал  правое крыло, и  тут  же</span></p>\r\n<p style=\"text-align: justify; margin-bottom: 0pt;\"><span style=\"font-family: \'Times New Roman\'; font-size: 13pt; color: #000000;\">начиналось неудержимое беспорядочное вращение вправо.</span></p>\r\n<p style=\"text-align: justify; margin-bottom: 0pt;\"><span style=\"font-family: \'Times New Roman\'; font-size: 13pt; color: #000000;\">     Как он ни старался, все шло кувырком. Он пробовал десять раз подряд, но</span></p>\r\n<p style=\"text-align: justify; margin-bottom: 0pt;\"><span style=\"font-family: \'Times New Roman\'; font-size: 13pt; color: #000000;\">едва разогнавшись до семидесяти </span><span style=\"font-family: \'Times New Roman\'; font-size: 13pt; color: #000000;\">миль  в</span><span style=\"font-family: \'Times New Roman\'; font-size: 13pt; color: #000000;\"> час, он превращался  в неуправляемый</span></p>\r\n<p style=\"text-align: justify; margin-bottom: 0pt;\"><span style=\"font-family: \'Times New Roman\'; font-size: 13pt; color: #000000;\">ворох перьев и раз за разом врезался в море.</span></p>\r\n<p style=\"text-align: justify; margin-bottom: 0pt;\"><span style=\"font-family: \'Times New Roman\'; font-size: 13pt; color: #000000;\">     И вот </span><span style=\"font-family: \'Times New Roman\'; font-size: 13pt; color: #000000;\">наконец,  вымокнув</span><span style=\"font-family: \'Times New Roman\'; font-size: 13pt; color: #000000;\"> до костей, он  придумал.  Главное - неподвижно</span></p>\r\n<p style=\"text-align: justify; margin-bottom: 0pt;\"><span style=\"font-family: \'Times New Roman\'; font-size: 13pt; color: #000000;\">держать крылья на </span><span style=\"font-family: \'Times New Roman\'; font-size: 13pt; color: #000000;\">высокой  скорости</span><span style=\"font-family: \'Times New Roman\'; font-size: 13pt; color: #000000;\">, разогнаться до пятидесяти миль в час, а</span></p>\r\n<p style=\"text-align: justify; margin-bottom: 0pt;\"><span style=\"font-family: \'Times New Roman\'; font-size: 13pt; color: #000000;\">затем держать их неподвижно.</span></p>\r\n<p style=\"text-align: justify; margin-bottom: 0pt;\"><span style=\"font-family: \'Times New Roman\'; font-size: 13pt; color: #000000;\">     Поднявшись на две тысячи футов, он </span><span style=\"font-family: \'Times New Roman\'; font-size: 13pt; color: #000000;\">сделал  еще</span><span style=\"font-family: \'Times New Roman\'; font-size: 13pt; color: #000000;\"> одну попытку: разогнался</span></p>\r\n<p style=\"text-align: justify; margin-bottom: 0pt;\"><span style=\"font-family: \'Times New Roman\'; font-size: 13pt; color: #000000;\">до пятидесяти миль в час и нырнул вниз, </span><span style=\"font-family: \'Times New Roman\'; font-size: 13pt; color: #000000;\">вытянув  клюв</span><span style=\"font-family: \'Times New Roman\'; font-size: 13pt; color: #000000;\"> и  неподвижно раскинув</span></p>\r\n<p style=\"text-align: justify; margin-bottom: 0pt;\"><span style=\"font-family: \'Times New Roman\'; font-size: 13pt; color: #000000;\">крылья. </span><span style=\"font-family: \'Times New Roman\'; font-size: 13pt; color: #000000;\">Это  потребовало</span><span style=\"font-family: \'Times New Roman\'; font-size: 13pt; color: #000000;\"> огромного напряжения сил, но  все  получилось,  как</span></p>\r\n<p style=\"text-align: justify; margin-bottom: 0pt;\"><span style=\"font-family: \'Times New Roman\'; font-size: 13pt; color: #000000;\">надо.  За </span><span style=\"font-family: \'Times New Roman\'; font-size: 13pt; color: #000000;\">десять  секунд</span><span style=\"font-family: \'Times New Roman\'; font-size: 13pt; color: #000000;\"> он разогнался  до девяноста миль  в  час.  Джонатан</span></p>\r\n<p style=\"text-align: justify; margin-bottom: 0pt;\"><span style=\"font-family: \'Times New Roman\'; font-size: 13pt; color: #000000;\">установил мировой рекорд скорости полета чайки!</span></p>\r\n<p style=\"text-align: justify; margin-bottom: 0pt;\"><span style=\"font-family: \'Times New Roman\'; font-size: 13pt; color: #000000;\">     Но </span><span style=\"font-family: \'Times New Roman\'; font-size: 13pt; color: #000000;\">победа  была</span><span style=\"font-family: \'Times New Roman\'; font-size: 13pt; color: #000000;\">  недолгой. Как только он начал выход из пике </span><span style=\"font-family: \'Times New Roman\'; font-size: 13pt; color: #000000;\">и  изменил</span></p>\r\n<p style=\"text-align: justify; margin-bottom: 0pt;\"><span style=\"font-family: \'Times New Roman\'; font-size: 13pt; color: #000000;\">угол </span><span style=\"font-family: \'Times New Roman\'; font-size: 13pt; color: #000000;\">атаки  своих</span><span style=\"font-family: \'Times New Roman\'; font-size: 13pt; color: #000000;\">  крыльев, он моментально потерял управление, и этот кошмар</span></p>\r\n<p style=\"text-align: justify; margin-bottom: 0pt;\"><span style=\"font-family: \'Times New Roman\'; font-size: 13pt; color: #000000;\">начался снова. </span><span style=\"font-family: \'Times New Roman\'; font-size: 13pt; color: #000000;\">На  скорости</span><span style=\"font-family: \'Times New Roman\'; font-size: 13pt; color: #000000;\">  девяносто  миль в  час  Джонатан  закувыркался,</span></p>\r\n<p style=\"text-align: justify; margin-bottom: 0pt;\"><span style=\"font-family: \'Times New Roman\'; font-size: 13pt; color: #000000;\">словно подбитый зенитным снарядом, и врезался в каменную твердь моря.</span></p>\r\n<p style=\"text-align: justify; margin-bottom: 0pt;\"><span style=\"font-family: \'Times New Roman\'; font-size: 13pt; color: #000000;\">     </span><span style=\"font-family: \'Times New Roman\'; font-size: 13pt; color: #000000;\">Когда  он</span><span style=\"font-family: \'Times New Roman\'; font-size: 13pt; color: #000000;\">  пришел в себя,  солнце  уже давным-давно  село,  и  тело его</span></p>\r\n<p style=\"text-align: justify; margin-bottom: 0pt;\"><span style=\"font-family: \'Times New Roman\'; font-size: 13pt; color: #000000;\">тихонько  скользило</span><span style=\"font-family: \'Times New Roman\'; font-size: 13pt; color: #000000;\">  по  лунному  свету, разлитому  на  поверхности  океана.</span></p>\r\n<p style=\"text-align: justify; margin-bottom: 0pt;\"><span style=\"font-family: \'Times New Roman\'; font-size: 13pt; color: #000000;\">Измученные крылья </span><span style=\"font-family: \'Times New Roman\'; font-size: 13pt; color: #000000;\">казались  отлитыми</span><span style=\"font-family: \'Times New Roman\'; font-size: 13pt; color: #000000;\"> из  свинца, но еще тяжелее  была горечь</span></p>\r\n<p style=\"text-align: justify; margin-bottom: 0pt;\"><span style=\"font-family: \'Times New Roman\'; font-size: 13pt; color: #000000;\">поражения. Хорошо бы, чтобы </span><span style=\"font-family: \'Times New Roman\'; font-size: 13pt; color: #000000;\">меня  утянуло</span><span style=\"font-family: \'Times New Roman\'; font-size: 13pt; color: #000000;\"> на дно и мучения мои закончились,-</span></p>\r\n<p style=\"text-align: justify; margin-bottom: 0pt;\"><span style=\"font-family: \'Times New Roman\'; font-size: 13pt; color: #000000;\">вяло подумал он.</span></p>\r\n<p style=\"text-align: justify; margin-bottom: 0pt;\"><span style=\"font-family: \'Times New Roman\'; font-size: 13pt; color: #000000;\">     </span><span style=\"font-family: \'Times New Roman\'; font-size: 13pt; color: #000000;\">Он  сильнее</span><span style=\"font-family: \'Times New Roman\'; font-size: 13pt; color: #000000;\"> погрузился  в воду, и  тут  в  его  голове  гулко  зазвучал</span></p>\r\n<p style=\"text-align: justify; margin-bottom: 0pt;\"><span style=\"font-family: \'Times New Roman\'; font-size: 13pt; color: #000000;\">незнакомый  голос</span><span style=\"font-family: \'Times New Roman\'; font-size: 13pt; color: #000000;\">.  </span><span style=\"font-family: \'Times New Roman\'; font-size: 13pt; color: #000000; font-style: italic;\">Другого </span><span style=\"font-family: \'Times New Roman\'; font-size: 13pt; color: #000000; font-style: italic;\">выхода  нет</span><span style=\"font-family: \'Times New Roman\'; font-size: 13pt; color: #000000; font-style: italic;\">.  </span><span style=\"font-family: \'Times New Roman\'; font-size: 13pt; color: #000000; font-style: italic;\">Ну  что</span><span style=\"font-family: \'Times New Roman\'; font-size: 13pt; color: #000000; font-style: italic;\"> поделаешь? </span><span style=\"font-family: \'Times New Roman\'; font-size: 13pt; color: #000000; font-style: italic;\">Я  -</span><span style=\"font-family: \'Times New Roman\'; font-size: 13pt; color: #000000; font-style: italic;\">  чайка.  Я</span></p>\r\n<p style=\"text-align: justify; margin-bottom: 0pt;\"><span style=\"font-family: \'Times New Roman\'; font-size: 13pt; color: #000000; font-style: italic;\">ограничен  тем</span><span style=\"font-family: \'Times New Roman\'; font-size: 13pt; color: #000000; font-style: italic;\">,  что дала мне  природа. Если </span><span style=\"font-family: \'Times New Roman\'; font-size: 13pt; color: #000000; font-style: italic;\">бы  мне</span><span style=\"font-family: \'Times New Roman\'; font-size: 13pt; color: #000000; font-style: italic;\"> суждено  было узнать  о</span></p>\r\n<p style=\"text-align: justify; margin-bottom: 0pt;\"><span style=\"font-family: \'Times New Roman\'; font-size: 13pt; color: #000000; font-style: italic;\">полете  больше</span><span style=\"font-family: \'Times New Roman\'; font-size: 13pt; color: #000000; font-style: italic;\">, чем другим, у меня  в голове был бы компьютер.  </span><span style=\"font-family: \'Times New Roman\'; font-size: 13pt; color: #000000; font-style: italic;\">Если  бы</span><span style=\"font-family: \'Times New Roman\'; font-size: 13pt; color: #000000; font-style: italic;\"> мне</span></p>\r\n<p style=\"text-align: justify; margin-bottom: 0pt;\"><span style=\"font-family: \'Times New Roman\'; font-size: 13pt; color: #000000; font-style: italic;\">суждено было летать быстрее, у меня были бы короткие крылья, как у сокола, и</span></p>\r\n<p style=\"text-align: justify; margin-bottom: 0pt;\"><span style=\"font-family: \'Times New Roman\'; font-size: 13pt; color: #000000; font-style: italic;\">я бы </span><span style=\"font-family: \'Times New Roman\'; font-size: 13pt; color: #000000; font-style: italic;\">ел  мышей</span><span style=\"font-family: \'Times New Roman\'; font-size: 13pt; color: #000000; font-style: italic;\">,  а не рыбу. Мой отец </span><span style=\"font-family: \'Times New Roman\'; font-size: 13pt; color: #000000; font-style: italic;\">был  прав</span><span style=\"font-family: \'Times New Roman\'; font-size: 13pt; color: #000000; font-style: italic;\">. Я должен выбросить из головы</span></p>\r\n<p style=\"text-align: justify; margin-bottom: 0pt;\"><span style=\"font-family: \'Times New Roman\'; font-size: 13pt; color: #000000; font-style: italic;\">все эти глупости. Я должен </span><span style=\"font-family: \'Times New Roman\'; font-size: 13pt; color: #000000; font-style: italic;\">лететь  в</span><span style=\"font-family: \'Times New Roman\'; font-size: 13pt; color: #000000; font-style: italic;\"> стаю и смириться с собой таким, какой я</span></p>\r\n<p style=\"text-align: justify; margin-bottom: 0pt;\"><span style=\"font-family: \'Times New Roman\'; font-size: 13pt; color: #000000; font-style: italic;\">есть - бедной ограниченной чайкой.</span></p>\r\n<p style=\"text-align: justify; margin-bottom: 0pt;\"><span style=\"font-family: \'Times New Roman\'; font-size: 13pt; color: #000000;\">     Голос </span><span style=\"font-family: \'Times New Roman\'; font-size: 13pt; color: #000000;\">затих,  и</span><span style=\"font-family: \'Times New Roman\'; font-size: 13pt; color: #000000;\"> Джонатан согласился с ним. Ночью чайке место на берегу,</span></p>\r\n<p style=\"text-align: justify; margin-bottom: 0pt;\"><span style=\"font-family: \'Times New Roman\'; font-size: 13pt; color: #000000;\">и </span><span style=\"font-family: \'Times New Roman\'; font-size: 13pt; color: #000000;\">он  поклялся</span><span style=\"font-family: \'Times New Roman\'; font-size: 13pt; color: #000000;\">, что с этого момента он будет  обычной  чайкой. От этого всем</span></p>\r\n<p style=\"text-align: justify; margin-bottom: 0pt;\"><span style=\"font-family: \'Times New Roman\'; font-size: 13pt; color: #000000;\">будет лучше.</span></p>\r\n<p style=\"text-align: justify; margin-bottom: 0pt;\"><span style=\"font-family: \'Times New Roman\'; font-size: 13pt; color: #000000;\">     Он с </span><span style=\"font-family: \'Times New Roman\'; font-size: 13pt; color: #000000;\">трудом  оторвался</span><span style=\"font-family: \'Times New Roman\'; font-size: 13pt; color: #000000;\"> от темной воды и полетел к  берегу, радуясь, что</span></p>\r\n<p style=\"text-align: justify; margin-bottom: 0pt;\"><span style=\"font-family: \'Times New Roman\'; font-size: 13pt; color: #000000;\">он успел научиться экономить силы на бреющем полете.</span></p>\r\n<p style=\"text-align: justify; margin-bottom: 0pt;\"><span style=\"font-family: \'Times New Roman\'; font-size: 13pt; color: #000000;\">     Стоп, так не </span><span style=\"font-family: \'Times New Roman\'; font-size: 13pt; color: #000000;\">пойдет,-</span><span style=\"font-family: \'Times New Roman\'; font-size: 13pt; color: #000000;\"> подумал он. Я больше не буду таким, как прежде. Я</span></p>\r\n<p style=\"text-align: justify; margin-bottom: 0pt;\"><span style=\"font-family: \'Times New Roman\'; font-size: 13pt; color: #000000;\">-  обычная чайка </span><span style=\"font-family: \'Times New Roman\'; font-size: 13pt; color: #000000;\">и  буду</span><span style=\"font-family: \'Times New Roman\'; font-size: 13pt; color: #000000;\">  летать,  как  все.  Поэтому он, </span><span style=\"font-family: \'Times New Roman\'; font-size: 13pt; color: #000000;\">превозмогая  боль</span><span style=\"font-family: \'Times New Roman\'; font-size: 13pt; color: #000000;\">,</span></p>\r\n<p style=\"text-align: justify; margin-bottom: 0pt;\"><span style=\"font-family: \'Times New Roman\'; font-size: 13pt; color: #000000;\">поднялся до ста футов и, тяжело взмахивая крыльями, направился к берегу.</span></p>\r\n<p style=\"text-align: justify; margin-bottom: 0pt;\"><span style=\"font-family: \'Times New Roman\'; font-size: 13pt; color: #000000;\">     Решив стать обычным членом стаи, он почувствовал облегчение. Теперь его</span></p>\r\n<p style=\"text-align: justify; margin-bottom: 0pt;\"><span style=\"font-family: \'Times New Roman\'; font-size: 13pt; color: #000000;\">уже  ничто</span><span style=\"font-family: \'Times New Roman\'; font-size: 13pt; color: #000000;\"> не  будет  связывать  с  той силой,  которая  тянула его  к новым</span></p>\r\n<p style=\"text-align: justify; margin-bottom: 0pt;\"><span style=\"font-family: \'Times New Roman\'; font-size: 13pt; color: #000000;\">знаниям, не будет больше радости неведомого, но не будет и горечи поражений.</span></p>\r\n<p style=\"text-align: justify; margin-bottom: 0pt;\"><span style=\"font-family: \'Times New Roman\'; font-size: 13pt; color: #000000;\">Да  и</span><span style=\"font-family: \'Times New Roman\'; font-size: 13pt; color: #000000;\"> здорово в общем-то  было вот  так,  ни  о чем  больше не думая, лететь</span></p>\r\n<p style=\"text-align: justify; margin-bottom: 0pt;\"><span style=\"font-family: \'Times New Roman\'; font-size: 13pt; color: #000000;\">сквозь тьму к огням, горевшим вдали на берегу.</span></p>\r\n<p style=\"text-align: justify; margin-bottom: 0pt;\"><span style=\"font-family: \'Times New Roman\'; font-size: 13pt; color: #000000;\">     </span><span style=\"font-family: \'Times New Roman\'; font-size: 13pt; color: #000000; font-style: italic;\">Темнота!</span><span style=\"font-family: \'Times New Roman\'; font-size: 13pt; color: #000000;\"> </span><span style=\"font-family: \'Times New Roman\'; font-size: 13pt; color: #000000;\">Встревожено  вскрикнул</span><span style=\"font-family: \'Times New Roman\'; font-size: 13pt; color: #000000;\"> гулкий голос. </span><span style=\"font-family: \'Times New Roman\'; font-size: 13pt; color: #000000; font-style: italic;\">Чайки никогда на летают в</span></p>\r\n<p style=\"text-align: justify; margin-bottom: 0pt;\"><span style=\"font-family: \'Times New Roman\'; font-size: 13pt; color: #000000; font-style: italic;\">темноте!</span></p>\r\n<p style=\"text-align: justify; margin-bottom: 0pt;\"><span style=\"font-family: \'Times New Roman\'; font-size: 13pt; color: #000000;\">     Но Джонатан </span><span style=\"font-family: \'Times New Roman\'; font-size: 13pt; color: #000000;\">его  не</span><span style=\"font-family: \'Times New Roman\'; font-size: 13pt; color: #000000;\"> услышал. </span><span style=\"font-family: \'Times New Roman\'; font-size: 13pt; color: #000000;\">Да,  здорово</span><span style=\"font-family: \'Times New Roman\'; font-size: 13pt; color: #000000;\">,  думал  он.  </span><span style=\"font-family: \'Times New Roman\'; font-size: 13pt; color: #000000;\">Светит  луна</span><span style=\"font-family: \'Times New Roman\'; font-size: 13pt; color: #000000;\">, и</span></p>\r\n<p style=\"text-align: justify; margin-bottom: 0pt;\"><span style=\"font-family: \'Times New Roman\'; font-size: 13pt; color: #000000;\">огоньки пляшут по </span><span style=\"font-family: \'Times New Roman\'; font-size: 13pt; color: #000000;\">волнам,  искорками</span><span style=\"font-family: \'Times New Roman\'; font-size: 13pt; color: #000000;\"> вспыхивая в ночи, все наполнено миром и</span></p>\r\n<p style=\"text-align: justify; margin-bottom: 0pt;\"><span style=\"font-family: \'Times New Roman\'; font-size: 13pt; color: #000000;\">покоем...</span></p>\r\n</div>\r\n</body>\r\n</html>\r\n','popup_text',0,1717679671,86),
 (33,'<!DOCTYPE html>\r\n<!-- Generated by PHPWord -->\r\n<html lang=\'ru-RU\'>\r\n<head>\r\n<meta charset=\"UTF-8\" />\r\n<title>PHPWord</title>\r\n<meta name=\"author\" content=\"Вадим Зайцев\" />\r\n<style>\r\nbody {font-family: \'Arial\'; font-size: 11pt;}\r\n* {font-family: \'Arial\'; font-size: 11pt;}\r\na.NoteRef {text-decoration: none;}\r\nhr {height: 1px; padding: 0; margin: 1em 0; border: 0; border-top: 1px solid #CCC;}\r\ntable {border: 1px solid black; border-spacing: 0px; width : 100%;}\r\ntd {border: 1px solid black;}\r\np, .Normal {margin-bottom: 8pt;}\r\nh1 {font-family: \'Times New Roman\'; font-size: 24pt; font-weight: bold;}\r\nh1 {margin-top: 5pt; margin-bottom: 5pt;}\r\nh2 {font-family: \'Times New Roman\'; font-size: 18pt; font-weight: bold;}\r\nh2 {margin-top: 5pt; margin-bottom: 5pt;}\r\n.Normal Table {table-layout: auto;}\r\n.Заголовок 1 Знак {font-family: \'Times New Roman\'; font-size: 24pt; font-weight: bold;}\r\n.Заголовок 2 Знак {font-family: \'Times New Roman\'; font-size: 18pt; font-weight: bold;}\r\n.Hyperlink {color: #0000FF; text-decoration: underline ;}\r\nbody > div + div {page-break-before: always;}\r\ndiv > *:first-child {page-break-before: auto;}\r\n@page page1 {size: A4 portrait; margin-right: 0.59027777777778in; margin-left: 1.18125in; margin-top: 0.7875in; margin-bottom: 0.7875in; }\r\n</style>\r\n</head>\r\n<body>\r\n<div style=\'page: page1\'>\r\n<p style=\"text-align: justify; margin-bottom: 0pt;\"><span style=\"font-family: \'Times New Roman\'; font-size: 13pt; color: #222222;\">Глава первая.</span></p>\r\n<p style=\"text-align: justify; margin-bottom: 0pt;\"><span style=\"font-family: \'Times New Roman\'; font-size: 13pt; color: #222222;\">Научиться печатать на клавиатуре вслепую при помощи этих способов — издевательство над собой. Каждый, кто пробовал «Соло», хотя бы раз в ярости бил по клавиатуре кулаком, и практически никто не дошел до конца. А кто пробовал заклеивать надписи на клавишах, вскоре отрывал наклейки обратно, потому что без навыка и без подписей печатать невозможно, а жить дальше как-то надо.</span><br />\r\n<span style=\"font-family: \'Times New Roman\'; font-size: 13pt; color: #222222;\">Что</span><span style=\"font-family: \'Times New Roman\'; font-size: 13pt; color: #222222;\"> если я скажу вам, что есть абсурдно простой, состоящий из одного пункта способ научиться слепой печати без этих дурацких </span><span style=\"font-family: \'Times New Roman\'; font-size: 13pt; color: #222222;\">огр</span><span style=\"font-family: \'Times New Roman\'; font-size: 13pt; color: #222222;\">аничений?</span></p>\r\n<p style=\"text-align: justify; margin-bottom: 0pt;\"><span style=\"font-family: \'Times New Roman\'; font-size: 13pt; color: #222222;\">Распечатайте и положите рядом с клавиатурой схему, показывающую, каким пальцем положено нажимать какую клавишу.</span></p>\r\n<p style=\"text-align: justify; margin-bottom: 0pt;\"><span style=\"font-family: \'Times New Roman\'; font-size: 13pt; color: #222222; font-weight: bold;\">Запретите себе нажимать клавиши неправильными пальцами</span><span style=\"font-family: \'Times New Roman\'; font-size: 13pt; color: #222222;\">.</span></p>\r\n<p style=\"text-align: justify; margin-bottom: 0pt;\"><span style=\"font-family: \'Times New Roman\'; font-size: 13pt; color: #222222;\">Вам </span><span style=\"font-family: \'Times New Roman\'; font-size: 13pt; color: #222222; font-weight: bold;\">не нужно</span><span style=\"font-family: \'Times New Roman\'; font-size: 13pt; color: #222222;\"> доводить себя до нервного срыва, снова и снова пытаясь сто раз без ошибок напечатать на скорость буквосочетания вроде «</span><span style=\"font-family: \'Times New Roman\'; font-size: 13pt; color: #222222;\">ололо</span><span style=\"font-family: \'Times New Roman\'; font-size: 13pt; color: #222222;\"> </span><span style=\"font-family: \'Times New Roman\'; font-size: 13pt; color: #222222;\">ллолоо</span><span style=\"font-family: \'Times New Roman\'; font-size: 13pt; color: #222222;\">» и фразы вроде «Владимир Владимирович Шахиджанян — мой наставник и учитель».</span></p>\r\n<p style=\"text-align: justify; margin-bottom: 0pt;\"><span style=\"font-family: \'Times New Roman\'; font-size: 13pt; color: #222222;\">Вам </span><span style=\"font-family: \'Times New Roman\'; font-size: 13pt; color: #222222; font-weight: bold;\">не нужно</span><span style=\"font-family: \'Times New Roman\'; font-size: 13pt; color: #222222;\"> ничего специально заучивать.</span></p>\r\n<p style=\"text-align: justify; margin-bottom: 0pt;\"><span style=\"font-family: \'Times New Roman\'; font-size: 13pt; color: #222222;\">Вам </span><span style=\"font-family: \'Times New Roman\'; font-size: 13pt; color: #222222; font-weight: bold;\">можно</span><span style=\"font-family: \'Times New Roman\'; font-size: 13pt; color: #222222;\"> смотреть на </span><span style=\"font-family: \'Times New Roman\'; font-size: 13pt; color: #222222;\">клавитуру</span><span style=\"font-family: \'Times New Roman\'; font-size: 13pt; color: #222222;\"> сколько угодно.</span></p>\r\n<p style=\"text-align: justify; margin-bottom: 0pt;\"><span style=\"font-family: \'Times New Roman\'; font-size: 13pt; color: #222222;\">Вам </span><span style=\"font-family: \'Times New Roman\'; font-size: 13pt; color: #222222; font-weight: bold;\">не нужно</span><span style=\"font-family: \'Times New Roman\'; font-size: 13pt; color: #222222;\"> тратить время на упражнения.</span></p>\r\n<p style=\"text-align: justify; margin-bottom: 0pt;\"><span style=\"font-family: \'Times New Roman\'; font-size: 13pt; color: #222222;\">Просто начните печатать этим способом всё, что вам приходится печатать в повседневной жизни и работе — и через некоторое время вы будете печатать вслепую.</span></p>\r\n<p style=\"text-align: justify; margin-bottom: 0pt;\"><span style=\"font-family: \'Times New Roman\'; font-size: 13pt; color: #222222;\">Всё, что вам нужно для обучения слепой печати — это приучиться нажимать клавиши соответствующими им пальцами. Когда этот навык еще не закреплен, у вас появляется желание тыкать указательными пальцами — так быстрее и привычнее. Пока вы позволяете себе это — навык нажимать правильными пальцами никогда не закрепится. </span></p>\r\n<p style=\"text-align: justify; margin-bottom: 0pt;\"><span style=\"font-family: \'Times New Roman\'; font-size: 13pt; color: #222222;\">Если же не делать исключений и нажимать каждую клавишу строго соответствующим пальцем, навык закрепится сам собой за сравнительно небольшое время. Это закрепление происходит на уровне моторики, поэтому зазубривание схемы не требуется и большой пользы, скорее всего, не принесет.</span></p>\r\n<p style=\"text-align: justify; margin-bottom: 0pt;\"><span style=\"font-family: \'Times New Roman\'; font-size: 13pt; color: #222222;\">Поначалу скорость печати значительно упадет. Появится мучительное желание тыкать указательным пальцем и, возможно, раздражение. Боритесь с ними и не делайте исключений.</span></p>\r\n<p style=\"text-align: justify; margin-bottom: 0pt;\"><span style=\"font-family: \'Times New Roman\'; font-size: 13pt; color: #222222;\">В зависимости от того, как много вы печатаете ежедневно, вам потребуется от нескольких дней до нескольких недель, чтобы выйти на прежнюю скорость печати, и дальше пойдет ее постепенное увеличение.</span></p>\r\n<p style=\"text-align: justify; margin-bottom: 0pt;\"><span style=\"font-family: \'Times New Roman\'; font-size: 13pt; color: #222222;\">Вы далеко не сразу и не </span><span style=\"font-family: \'Times New Roman\'; font-size: 13pt; color: #222222;\">единомоментно</span><span style=\"font-family: \'Times New Roman\'; font-size: 13pt; color: #222222;\"> перестанете поглядывать на клавиатуру, но это не главное. Главное, что навык будет закрепляться и скорость набора будет расти. А потребность смотреть на клавиатуру со временем будут все меньше и меньше, пока не пропадет совсем.</span></p>\r\n<p style=\"text-align: justify; margin-bottom: 0pt;\"><span style=\"font-family: \'Times New Roman\'; font-size: 13pt; color: #222222;\">У меня самого ушло несколько месяцев на то, чтобы смог печатать, глядя только на экран. Речь, конечно, о месяцах повседневной жизни, а не месяцах усердных тренировок. </span></p>\r\n<p style=\"text-align: justify; margin-bottom: 0pt;\"><span style=\"font-family: \'Times New Roman\'; font-size: 13pt; color: #222222;\">PS Отсутствие подписей на клавишах — это, конечно, понт. Производит неизгладимое впечатление на коллег, но пользы не приносит, только неудобства. Разве что никто теперь не просит попользоваться моим компьютером.</span></p>\r\n<p style=\"text-align: justify; margin-bottom: 0pt;\"><span style=\"font-family: \'Times New Roman\'; font-size: 13pt; color: #222222;\">Глава </span><span style=\"font-family: \'Times New Roman\'; font-size: 13pt; color: #222222;\">вторая</span><span style=\"font-family: \'Times New Roman\'; font-size: 13pt; color: #222222;\">.</span></p>\r\n<p style=\"text-align: justify; margin-bottom: 0pt;\"><span style=\"font-family: \'Times New Roman\'; font-size: 13pt; color: #222222;\">Научиться печатать на клавиатуре вслепую при помощи этих способов — издевательство над собой. Каждый, кто пробовал «Соло», хотя бы раз в ярости бил по клавиатуре кулаком, и практически никто не дошел до конца. А кто пробовал заклеивать надписи на клавишах, вскоре отрывал наклейки обратно, потому что без навыка и без подписей печатать невозможно, а жить дальше как-то надо.</span><br />\r\n<span style=\"font-family: \'Times New Roman\'; font-size: 13pt; color: #222222;\">Что</span><span style=\"font-family: \'Times New Roman\'; font-size: 13pt; color: #222222;\"> если я скажу вам, что есть абсурдно простой, состоящий из одного пункта способ научиться слепой печати без этих дурацких ограничений?</span></p>\r\n<p style=\"text-align: justify; margin-bottom: 0pt;\"><span style=\"font-family: \'Times New Roman\'; font-size: 13pt; color: #222222;\">Распечатайте и положите рядом с клавиатурой схему, показывающую, каким пальцем положено нажимать какую клавишу.</span></p>\r\n<p style=\"text-align: justify; margin-bottom: 0pt;\"><span style=\"font-family: \'Times New Roman\'; font-size: 13pt; color: #222222; font-weight: bold;\">Запретите себе нажимать клавиши неправильными пальцами</span><span style=\"font-family: \'Times New Roman\'; font-size: 13pt; color: #222222;\">.</span></p>\r\n<p style=\"text-align: justify; margin-bottom: 0pt;\"><span style=\"font-family: \'Times New Roman\'; font-size: 13pt; color: #222222;\">Вам </span><span style=\"font-family: \'Times New Roman\'; font-size: 13pt; color: #222222; font-weight: bold;\">не нужно</span><span style=\"font-family: \'Times New Roman\'; font-size: 13pt; color: #222222;\"> доводить себя до нервного срыва, снова и снова пытаясь сто раз без ошибок напечатать на скорость буквосочетания вроде «</span><span style=\"font-family: \'Times New Roman\'; font-size: 13pt; color: #222222;\">ололо</span><span style=\"font-family: \'Times New Roman\'; font-size: 13pt; color: #222222;\"> </span><span style=\"font-family: \'Times New Roman\'; font-size: 13pt; color: #222222;\">ллолоо</span><span style=\"font-family: \'Times New Roman\'; font-size: 13pt; color: #222222;\">» и фразы вроде «Владимир Владимирович Шахиджанян — мой наставник и учитель».</span></p>\r\n<p style=\"text-align: justify; margin-bottom: 0pt;\"><span style=\"font-family: \'Times New Roman\'; font-size: 13pt; color: #222222;\">Вам </span><span style=\"font-family: \'Times New Roman\'; font-size: 13pt; color: #222222; font-weight: bold;\">не нужно</span><span style=\"font-family: \'Times New Roman\'; font-size: 13pt; color: #222222;\"> ничего специально заучивать.</span></p>\r\n<p style=\"text-align: justify; margin-bottom: 0pt;\"><span style=\"font-family: \'Times New Roman\'; font-size: 13pt; color: #222222;\">Вам </span><span style=\"font-family: \'Times New Roman\'; font-size: 13pt; color: #222222; font-weight: bold;\">можно</span><span style=\"font-family: \'Times New Roman\'; font-size: 13pt; color: #222222;\"> смотреть на </span><span style=\"font-family: \'Times New Roman\'; font-size: 13pt; color: #222222;\">клавитуру</span><span style=\"font-family: \'Times New Roman\'; font-size: 13pt; color: #222222;\"> сколько угодно.</span></p>\r\n<p style=\"text-align: justify; margin-bottom: 0pt;\"><span style=\"font-family: \'Times New Roman\'; font-size: 13pt; color: #222222;\">Вам </span><span style=\"font-family: \'Times New Roman\'; font-size: 13pt; color: #222222; font-weight: bold;\">не нужно</span><span style=\"font-family: \'Times New Roman\'; font-size: 13pt; color: #222222;\"> тратить время на упражнения.</span></p>\r\n<p style=\"text-align: justify; margin-bottom: 0pt;\"><span style=\"font-family: \'Times New Roman\'; font-size: 13pt; color: #222222;\">Просто начните печатать этим способом всё, что вам приходится печатать в повседневной жизни и работе — и через некоторое время вы будете печатать вслепую.</span></p>\r\n<p style=\"text-align: justify; margin-bottom: 0pt;\"><span style=\"font-family: \'Times New Roman\'; font-size: 13pt; color: #222222;\">Всё, что вам нужно для обучения слепой печати — это приучиться нажимать клавиши соответствующими им пальцами. Когда этот навык еще не закреплен, у вас появляется желание тыкать указательными пальцами — так быстрее и привычнее. Пока вы позволяете себе это — навык нажимать правильными пальцами никогда не закрепится. </span></p>\r\n<p style=\"text-align: justify; margin-bottom: 0pt;\"><span style=\"font-family: \'Times New Roman\'; font-size: 13pt; color: #222222;\">Если же не делать исключений и нажимать каждую клавишу строго соответствующим пальцем, навык закрепится сам собой за сравнительно небольшое время. Это закрепление происходит на уровне моторики, поэтому зазубривание схемы не требуется и большой пользы, скорее всего, не принесет.</span></p>\r\n<p style=\"text-align: justify; margin-bottom: 0pt;\"><span style=\"font-family: \'Times New Roman\'; font-size: 13pt; color: #222222;\">Поначалу скорость печати значительно упадет. Появится мучительное желание тыкать указательным пальцем и, возможно, раздражение. Боритесь с ними и не делайте исключений.</span></p>\r\n<p style=\"text-align: justify; margin-bottom: 0pt;\"><span style=\"font-family: \'Times New Roman\'; font-size: 13pt; color: #222222;\">В зависимости от того, как много вы печатаете ежедневно, вам потребуется от нескольких дней до нескольких недель, чтобы выйти на прежнюю скорость печати, и дальше пойдет ее постепенное увеличение.</span></p>\r\n<p style=\"text-align: justify; margin-bottom: 0pt;\"><span style=\"font-family: \'Times New Roman\'; font-size: 13pt; color: #222222;\">Вы далеко не сразу и не </span><span style=\"font-family: \'Times New Roman\'; font-size: 13pt; color: #222222;\">единомоментно</span><span style=\"font-family: \'Times New Roman\'; font-size: 13pt; color: #222222;\"> перестанете поглядывать на клавиатуру, но это не главное. Главное, что навык будет закрепляться и скорость набора будет расти. А потребность смотреть на клавиатуру со временем будут все меньше и меньше, пока не пропадет совсем.</span></p>\r\n<p style=\"text-align: justify; margin-bottom: 0pt;\"><span style=\"font-family: \'Times New Roman\'; font-size: 13pt; color: #222222;\">У меня самого ушло несколько месяцев на то, чтобы смог печатать, глядя только на экран. Речь, конечно, о месяцах повседневной жизни, а не месяцах усердных тренировок. </span></p>\r\n<p style=\"text-align: justify; margin-bottom: 0pt;\"><span style=\"font-family: \'Times New Roman\'; font-size: 13pt; color: #222222;\">PS Отсутствие подписей на клавишах — это, конечно, понт. Производит неизгладимое впечатление на коллег, но пользы не приносит, только неудобства. Разве что никто теперь не просит попользоваться моим компьютером.</span></p>\r\n</div>\r\n</body>\r\n</html>\r\n','popup_text',0,1717680629,86),
 (34,'<!DOCTYPE html>\r\n<!-- Generated by PHPWord -->\r\n<html>\r\n<head>\r\n<meta charset=\"UTF-8\" />\r\n<title>PHPWord</title>\r\n<meta name=\"author\" content=\"adam jbr\" />\r\n<style>\r\nbody {font-family: \'Arial\'; font-size: 11pt;}\r\n* {font-family: \'Arial\'; font-size: 11pt;}\r\na.NoteRef {text-decoration: none;}\r\nhr {height: 1px; padding: 0; margin: 1em 0; border: 0; border-top: 1px solid #CCC;}\r\ntable {border: 1px solid black; border-spacing: 0px; width : 100%;}\r\ntd {border: 1px solid black;}\r\np, .Normal {margin-bottom: 8pt;}\r\n.Normal Table {table-layout: auto;}\r\nbody > div + div {page-break-before: always;}\r\ndiv > *:first-child {page-break-before: auto;}\r\n@page page1 {size: A4 portrait; margin-right: 1in; margin-left: 1in; margin-top: 1in; margin-bottom: 1in; }\r\n</style>\r\n</head>\r\n<body>\r\n<div style=\'page: page1\'>\r\n<p style=\"text-align: center;\"><span lang=\'en-US\' style=\"font-size: 14pt; font-weight: bold;\">TERMS OF SERVICE</span></p>\r\n<p style=\"text-align: center;\"><span lang=\'en-US\'>www.p</span>lebscracy<span lang=\'en-US\'>.com</span></p>\r\n<p style=\"text-align: center;\"><span lang=\'en-US\'>Effective date: 1</span><span lang=\'en-US\' style=\"vertical-align: super;\">st</span><span lang=\'en-US\'> January 2024</span></p>\r\n<p><span style=\"font-weight: bold;\">1. </span><span lang=\'en-US\' style=\"font-weight: bold;\">Introduction</span><span lang=\'en-US\' style=\"font-weight: bold;\">:</span></p>\r\n<p>Welcome to Plebscracy, a dynamic online forum where diverse voices convene to discuss the political landscape. We offer a platform for open exchange of ideas, recognizing the power of public discourse to illuminate complex issues and empower citizen engagement. Whether you&#039;re a seasoned pundit or a curious newcomer, </p>\r\n<p>Plebscracy invites you<span lang=\'en-US\'> (“User”)</span> to participate in thoughtful conversations, challenge assumptions, and contribute to a more informed citizenry.</p>\r\n<p><span style=\"font-weight: bold;\">2. Your Responsibility:</span></p>\r\n<p>By accessing Plebscracy, you recognize and accept that you are solely responsible for your contributions and interactions within this forum. As a user, you acknowledge that all opinions expressed and information shared are the exclusive responsibility of the individuals who provided them.</p>\r\n<p><span style=\"font-weight: bold;\">3. Acceptance and Risk Awareness:</span></p>\r\n<p>By using Plebscracy, you signify your understanding and agreement to these Terms of Service (&quot;Terms&quot;). We reserve the right to modify these Terms at any time without prior notice. You are responsible for regularly reviewing these Terms to stay informed. Your continued use of Plebscracy following any changes constitutes your acceptance of the revised Terms.</p>\r\n<p><span style=\"font-weight: bold;\">4. Content Ownership and Disclaimers:</span></p>\r\n<p>You retain ownership of all content you submit to Plebscracy (&quot;User Content&quot;). However, by submitting User Content, you grant Plebscracy a non-exclusive, worldwide, perpetual, royalty-free license to display, reproduce, distribute, modify, and adapt your User Content solely for the purpose of operating and providing the Platform and its services. Additionally, you acknowledge and agree that you are solely responsible for the accuracy, completeness, and legality of your User Content. Plebscracy assumes no responsibility for the content posted by users, nor does it endorse or guarantee the veracity of any claims or information expressed.</p>\r\n<p><span style=\"font-weight: bold;\">5. Content Permitted and User Conduct:</span></p>\r\n<p>While Plebscracy encourages open and diverse dialogues, we prioritize a safe and respectful environment for all users. Therefore, please adhere to the following guidelines:</p>\r\n<p>Engage in civil and respectful discourse. Avoid personal attacks, insults, or inflammatory language.</p>\r\n\r\n<p>Focus on factual arguments and evidence. Back up your claims with credible sources and avoid unsubstantiated statements or misinformation.</p>\r\n\r\n<p>Acknowledge diverse viewpoints. Disagree respectfully and avoid discriminatory language or hate speech.</p>\r\n\r\n<p>Abide by all applicable laws and regulations. Your content must comply with local, national, and international legal frameworks.</p>\r\n\r\n<p><span style=\"font-weight: bold;\">6. Content Prohibited and Consequences:</span></p>\r\n<p>The following categories of User Content are strictly prohibited on Plebscracy:</p>\r\n<p>Hate speech, discriminatory language, and threats of violence or harm.</p>\r\n\r\n<p>Incitement to violence, unlawful activity, or civil unrest.</p>\r\n\r\n<p>Misinformation, disinformation, and fabricated content.</p>\r\n\r\n<p>Harassment, bullying, and personal attacks.</p>\r\n\r\n<p>Doxing and unauthorized exposure of private information.</p>\r\n\r\n<p>Spam, commercial advertising, and unsolicited marketing.</p>\r\n\r\n<p>Impersonation of others or misrepresentation of identity.</p>\r\n\r\n<p>Content infringing on intellectual property rights.</p>\r\n\r\n<p>Any content deemed by Plebscracy to be harmful, offensive, or otherwise inappropriate for the Platform.</p>\r\n\r\n<p>Violation of these prohibitions may result in immediate removal of User Content, suspension or termination of your account, and potential legal action against you. You retain full responsibility for any legal consequences arising from your User Content.</p>\r\n<p><span style=\"font-weight: bold;\">7. User Reporting and Platform Moderation:</span></p>\r\n<p>Plebscracy encourages users to report any content that violates these Terms or creates a harmful environment. Reporting mechanisms are readily available within the platform. Additionally, Plebscracy moderates user activity and reserves the right to remove content at its sole discretion, without prior notice or explanation.</p>\r\n<p><span style=\"font-weight: bold;\">8. Ownership of the Platform:</span></p>\r\n<p>The Plebscracy platform, its name, logo, design, and all other elements (collectively, the &quot;Platform Content&quot;) are the sole and exclusive property of Plebscracy or its licensors. You may not use, reproduce, modify, distribute, or exploit any Platform Content without the express written permission of Plebscracy.</p>\r\n<p><span style=\"font-weight: bold;\">9. User Content License and Permission:</span></p>\r\n<p>By submitting User Content, you grant Plebscracy a non-exclusive, worldwide, perpetual, royalty-free license to use, reproduce, modify, publish, translate, distribute, and display your User Content solely for the purpose of operating and providing the Platform and its services. This license extends to any derivative works that may be created based on your User Content. Additionally, you grant Plebscracy the right to store, archive, and transmit your User Content as necessary for the operation and maintenance of the Platform.</p>\r\n<p><span style=\"font-weight: bold;\">10. Content Removal and User Appeal:</span></p>\r\n<p>While Plebscracy encourages open dialogue, it reserves the right to remove any User Content at its sole discretion, for any reason or no reason at all. This right includes, but is not limited to, content that violates these Terms, is deemed harmful or offensive, infringes upon the rights of any third party, or otherwise undermines the Platform&#039;s mission and values.</p>\r\n<p>If your User Content is removed, you will be notified, whenever possible, of the reason for removal and provided an opportunity to appeal the decision. Plebscracy will make a good faith effort to respond to appeals in a timely manner, but does not guarantee that removed content will be reinstated.</p>\r\n<p><span style=\"font-weight: bold;\">11. Right to Moderate and Transparent Processes:</span></p>\r\n<p>Plebscracy actively moderates User Content to ensure a safe and respectful environment for all users. This includes, but is not limited to, the removal of prohibited content, suspension of users who violate these Terms, and addressing reports of abusive behavior. Moderation decisions are guided by principles of transparency, fairness, and consistency. Plebscracy publishes regular reports on its moderation activities and policies to maintain user awareness and foster trust.</p>\r\n<p><span style=\"font-weight: bold;\">12. Moderation Principles and Grounds for Removal:</span></p>\r\n<p>Moderation decisions are guided by the following principles:</p>\r\n<p>Promoting factual discourse and critical thinking.</p>\r\n\r\n<p>Preventing harm and ensuring the safety of users.</p>\r\n\r\n<p>Respecting diverse viewpoints and fostering respectful dialogue.</p>\r\n\r\n<p>Maintaining a transparent and consistent application of these Terms.</p>\r\n\r\n<p>Any User Content that falls into one of the following categories is subject to removal, and may also result in user suspension or termination:</p>\r\n<p>Content that violates these Terms or any applicable laws and regulations.</p>\r\n\r\n<p>Hate speech, discriminatory language, and threats of violence or harm.</p>\r\n\r\n<p>Incitement to violence, unlawful activity, or civil unrest.</p>\r\n\r\n<p>Misinformation, disinformation, and fabricated content, particularly when demonstrably harmful.</p>\r\n\r\n<p>Harassment, bullying, and personal attacks.</p>\r\n\r\n<p>Doxing and unauthorized exposure of private information.</p>\r\n\r\n<p>Spam, commercial advertising, and unsolicited marketing.</p>\r\n\r\n<p>Impersonation of others or misrepresentation of identity.</p>\r\n\r\n<p>Content infringing on intellectual property rights.</p>\r\n\r\n<p>Any content deemed by Plebscracy to be harmful, offensive, or otherwise inappropriate for the Platform.</p>\r\n\r\n<p><span style=\"font-weight: bold;\">13. User Reporting and Responsibilities:</span></p>\r\n<p>Users are encouraged to report any content that they believe violates these Terms or creates a harmful or offensive environment. Reports can be made through the platform&#039;s built-in reporting mechanism or by contacting Plebscracy directly. Please note that users, themselves, hold responsibility for the accuracy and validity of their reports. Misuse of the reporting system may result in consequences for the reporting user.</p>\r\n<p><span style=\"font-weight: bold;\">14. User Suspension and Termination:</span></p>\r\n<p>Plebscracy reserves the right to suspend or terminate a user&#039;s account at any time, for any reason or no reason at all. This right includes, but is not limited to, repeated violations of these Terms, engaging in harmful or disruptive behavior, and neglecting to respond to moderation warnings. In the event of suspension or termination, users will be notified, whenever possible, of the reason for the action and will not be entitled to reinstatement or further use of the Platform.</p>\r\n<p><span style=\"font-weight: bold;\">15. Disclaimer of Warranties:</span></p>\r\n<p>Plebscracy is provided &quot;as-is&quot; and without warranties of any kind, express or implied. We disclaim all warranties, including, but not limited to, warranties of merchantability, fitness for a particular purpose, non-infringement, and quiet enjoyment. We make no guarantee that the Platform will be uninterrupted, error-free, or secure. You use the Platform at your own risk.</p>\r\n<p><span style=\"font-weight: bold;\">16. Limitation of Platform Liability:</span></p>\r\n<p>Plebscracy will not be liable for any damages arising from your use of the Platform, including, but not limited to, direct, indirect, incidental, consequential, punitive, or special damages. This includes, but is not limited to, damages for lost profits, loss of data, loss of goodwill, or personal injury. This limitation of liability applies regardless of the legal theory on which liability is based, whether in contract, tort, strict liability, or otherwise.</p>\r\n<p><span style=\"font-weight: bold;\">17. User Liability for Content:</span></p>\r\n<p>You are solely responsible for the content you submit to the Platform. You agree to indemnify and hold harmless Plebscracy, its officers, directors, employees, agents, and licensors from and against any and all claims, losses, damages, liabilities, costs, and expenses (including attorneys&#039; fees) arising from or relating to your User Content, your violation of these Terms, or your use of the Platform.</p>\r\n<p><span style=\"font-weight: bold;\">18. Grounds for Termination and Suspension:</span></p>\r\n<p>In addition to the reasons outlined in Section 14, Plebscracy may terminate or suspend your account if you:</p>\r\n<p>Fail to comply with any of these Terms.</p>\r\n\r\n<p>Engage in any illegal or fraudulent activity.</p>\r\n\r\n<p>Make defamatory or disparaging statements about Plebscracy or its users.</p>\r\n\r\n<p>Infringe on the intellectual property rights of Plebscracy or any third party.</p>\r\n\r\n<p>Attempt to interfere with the operation of the Platform or gain unauthorized access to its systems.</p>\r\n\r\n<p>Use the Platform for any purpose other than its intended use.</p>\r\n\r\n<p><span style=\"font-weight: bold;\">19. Consequences of Termination and Suspension:</span></p>\r\n<p>Upon termination or suspension of your account, you will lose access to the Platform and your User Content may be deleted. Plebscracy will not be liable for any loss of data or content upon termination or suspension.</p>\r\n<p><span style=\"font-weight: bold;\">20. Survival of Certain Provisions:</span></p>\r\n<p>Certain provisions of these Terms, including the provisions regarding Limitation of Liability and User Disclaimers, will survive and remain in effect even if your account is terminated or suspended.</p>\r\n<p><span style=\"font-weight: bold;\">21. Governing Law and Jurisdiction:</span></p>\r\n<p>These Terms and your use of the Platform will be governed by and construed in accordance with the laws of <span lang=\'en-US\'>Turkey</span>, without regard to its conflict of laws principles. You agree that any legal action or proceeding arising out of or relating to these Terms or your use of the Platform will be brought exclusively in the courts of <span lang=\'en-US\'>Turkey</span>. You hereby waive any and all objections to the jurisdiction and venue of such courts.</p>\r\n<p><span style=\"font-weight: bold;\">22. Alternative Dispute Resolution:</span></p>\r\n<p>Before filing a lawsuit, you and Plebscracy agree to attempt to resolve any dispute arising out of or relating to these Terms or your use of the Platform through good faith negotiation. If we are unable to resolve the dispute through negotiation, you or Plebscracy may elect to have the dispute resolved through binding arbitration in accordance with the rules of <span lang=\'en-US\'>Turkey</span>. The arbitration will be conducted in <span lang=\'en-US\'>Turkey</span> and in the English language. The arbitral award will be final and binding on the parties and may be enforced in any court of competent jurisdiction.</p>\r\n<p><span lang=\'en-US\' style=\"font-weight: bold;\">23. </span><span style=\"font-weight: bold;\">No Guarantees and Risks of Exposure</span></p>\r\n<p>By accessing Plebscracy, you acknowledge that you may encounter diverse and potentially conflicting viewpoints on news and political issues. We cannot guarantee the accuracy or objectivity of any content, and exposure to such diverse perspectives may challenge your own beliefs. We encourage you to approach these encounters with an open mind and critical thinking skills.<span lang=\'en-US\'> </span></p>\r\n<p><span lang=\'en-US\' style=\"font-weight: bold;\">24. Contact</span></p>\r\n<p><span lang=\'en-US\'>For more information, queries, or concerns, please contact ---@p</span>lebscracy<span lang=\'en-US\'>.com</span></p>\r\n</div>\r\n</body>\r\n</html>\r\n','term',1,1717680877,86);
INSERT INTO `docs` (`id`,`text`,`href`,`status`,`data`,`user`) VALUES 
 (35,'<!DOCTYPE html>\r\n<!-- Generated by PHPWord -->\r\n<html lang=\'ru-RU\'>\r\n<head>\r\n<meta charset=\"UTF-8\" />\r\n<title>PHPWord</title>\r\n<meta name=\"author\" content=\"Вадим Зайцев\" />\r\n<style>\r\nbody {font-family: \'Arial\'; font-size: 11pt;}\r\n* {font-family: \'Arial\'; font-size: 11pt;}\r\na.NoteRef {text-decoration: none;}\r\nhr {height: 1px; padding: 0; margin: 1em 0; border: 0; border-top: 1px solid #CCC;}\r\ntable {border: 1px solid black; border-spacing: 0px; width : 100%;}\r\ntd {border: 1px solid black;}\r\np, .Normal {margin-bottom: 8pt;}\r\nh1 {font-family: \'Times New Roman\'; font-size: 24pt; font-weight: bold;}\r\nh1 {margin-top: 5pt; margin-bottom: 5pt;}\r\nh2 {font-family: \'Times New Roman\'; font-size: 18pt; font-weight: bold;}\r\nh2 {margin-top: 5pt; margin-bottom: 5pt;}\r\n.Normal Table {table-layout: auto;}\r\n.Заголовок 1 Знак {font-family: \'Times New Roman\'; font-size: 24pt; font-weight: bold;}\r\n.Заголовок 2 Знак {font-family: \'Times New Roman\'; font-size: 18pt; font-weight: bold;}\r\n.Hyperlink {color: #0000FF; text-decoration: underline ;}\r\nbody > div + div {page-break-before: always;}\r\ndiv > *:first-child {page-break-before: auto;}\r\n@page page1 {size: A4 portrait; margin-right: 0.59027777777778in; margin-left: 1.18125in; margin-top: 0.7875in; margin-bottom: 0.7875in; }\r\n</style>\r\n</head>\r\n<body>\r\n<div style=\'page: page1\'>\r\n<p style=\"text-align: justify;\"><span style=\"font-family: \'Times New Roman\'; font-size: 13pt;\">Они рыли без устали, бросая работу только в те часы, когда принуждены были возвращаться к себе и ждать посещения тюремщика. Впрочем, они научились уже издали различать его шаги, и ни одного из них ни разу не застали врасплох. Чтобы земля, вынутая из нового подкопа, не завалила старый, они выкидывали ее понемногу и с невероятными предосторожностями в окно камеры Дантеса или </span><span style=\"font-family: \'Times New Roman\'; font-size: 13pt;\">Фариа</span><span style=\"font-family: \'Times New Roman\'; font-size: 13pt;\">; ее тщательно измельчали в порошок, и ночной ветер уносил ее.</span></p>\r\n<p style=\"text-align: justify;\"><span style=\"font-family: \'Times New Roman\'; font-size: 13pt;\">Более года ушло на эту работу, выполненную долотом, ножом и деревянным рычагом; весь этот год аббат продолжал учить Дантеса, говорил с ним то на одном, то на другом языке, рассказывал ему историю народов и тех великих людей, которые время от времени оставляют за собою блистательный след, называемый славою. К тому же аббат, как человек светский, принадлежавший к высшему обществу, в обращении своем сохранял какую-то грустную величавость; Дантес благодаря врожденной переимчивости сумел усвоить изящную учтивость, которой ему недоставало, и аристократические манеры, приобретаемые обычно только в общении с высшими классами или в обществе просвещенных людей.</span></p>\r\n<p style=\"text-align: justify;\"><span style=\"font-family: \'Times New Roman\'; font-size: 13pt;\">Через пятнадцать месяцев проход был вырыт; под галереей была сделана выемка; можно было слышать шаги часового, расхаживавшего взад и вперед; и узники, вынужденные для успешности побега ждать темной и безлунной ночи, боялись одного: что земля не выдержит и сама прежде времени осыплется под ногами солдата. Чтобы предотвратить эту опасность, узники подставили подпорку, которую нашли в фундаменте.</span></p>\r\n<p style=\"text-align: justify;\"><span style=\"font-family: \'Times New Roman\'; font-size: 13pt;\">Дантес как раз был занят этим, когда вдруг услышал, что аббат </span><span style=\"font-family: \'Times New Roman\'; font-size: 13pt;\">Фариа</span><span style=\"font-family: \'Times New Roman\'; font-size: 13pt;\">, остававшийся в его камере, где он обтачивал гвоздь, предназначенный для укрепления веревочной лестницы, зовет его испуганным голосом. Дантес поспешил к нему и увидел, что аббат стоит посреди камеры, бледный, в поту, с судорожно стиснутыми руками.</span></p>\r\n<p style=\"text-align: justify;\"><span style=\"font-family: \'Times New Roman\'; font-size: 13pt;\">Дантес не потерял присутствия духа, несмотря на страшное несчастье, обрушившееся на него; он спустился в подкоп, таща за собой бедного аббата; с неимоверными усилиями он довел больного до его камеры и уложил в постель.</span></p>\r\n<p style=\"text-align: justify;\"><span style=\"font-family: \'Times New Roman\'; font-size: 13pt;\">– Благодарю, – сказал аббат, дрожа всем телом, как будто он только что вышел из холодной воды. – Припадок сейчас начнется, я буду в каталепсии; может быть, буду лежать без движения, не издавая ни единого стона, а может быть, на губах выступит пена, я буду корчиться и кричать. Сделайте так, чтобы не было слышно моих криков; это самое важное; иначе меня, чего доброго, переведут в другую камеру, и нас разлучат навеки. Когда вы увидите, что я застыл, окостенел, словом, все равно что мертвец, тогда – только тогда, слышите? – разожмите мне зубы ножом и влейте в рот десять капель настоя; и, может быть, я очнусь.</span></p>\r\n<p style=\"text-align: justify;\"><span style=\"font-family: \'Times New Roman\'; font-size: 13pt;\">Припадок начался с такой быстротой и силой, что несчастный узник не успел даже кончить начатого слова. Тень мелькнула на его челе, быстрая и мрачная, как морская буря; глаза раскрылись, рот искривился, щеки побагровели; он бился, рычал, на губах выступила пена. Исполняя его приказание, Дантес зажал ему рот одеялом. Так продолжалось два часа. Наконец, бесчувственный, как камень, </span><span style=\"font-family: \'Times New Roman\'; font-size: 13pt;\">холодный и бледный, как мрамор, беспомощный, как растоптанная былинка, он забился в последних судорогах, потом вытянулся на постели и остался недвижим.</span></p>\r\n<p style=\"text-align: justify;\"><span style=\"font-family: \'Times New Roman\'; font-size: 13pt;\">Эдмон ждал, пока эта мнимая смерть завладеет всем телом и оледенит самое сердце. Тогда он взял нож, просунул его между зубами, с величайшими усилиями разжал стиснутые челюсти, влил одну за другой десять капель красного настоя и стал ждать.</span></p>\r\n<p style=\"text-align: justify;\"><span style=\"font-family: \'Times New Roman\'; font-size: 13pt;\">Прошел час, старик не шевелился. Дантес испугался, что ждал слишком долго, и смотрел на него с ужасом, схватившись за голову. Наконец, легкая краска показалась на щеках; в глазах, все время остававшихся открытыми и пустыми, мелькнуло сознание; легкий вздох вылетел из уст; старик пошевелился.</span></p>\r\n</div>\r\n</body>\r\n</html>\r\n','popup_text',0,1717936340,86),
 (36,'<!DOCTYPE html>\r\n<!-- Generated by PHPWord -->\r\n<html lang=\'ru-RU\'>\r\n<head>\r\n<meta charset=\"UTF-8\" />\r\n<title>PHPWord</title>\r\n<meta name=\"author\" content=\"Вадим Зайцев\" />\r\n<style>\r\nbody {font-family: \'Arial\'; font-size: 11pt;}\r\n* {font-family: \'Arial\'; font-size: 11pt;}\r\na.NoteRef {text-decoration: none;}\r\nhr {height: 1px; padding: 0; margin: 1em 0; border: 0; border-top: 1px solid #CCC;}\r\ntable {border: 1px solid black; border-spacing: 0px; width : 100%;}\r\ntd {border: 1px solid black;}\r\np, .Normal {margin-bottom: 8pt;}\r\nh1 {font-family: \'Times New Roman\'; font-size: 24pt; font-weight: bold;}\r\nh1 {margin-top: 5pt; margin-bottom: 5pt;}\r\nh2 {font-family: \'Times New Roman\'; font-size: 18pt; font-weight: bold;}\r\nh2 {margin-top: 5pt; margin-bottom: 5pt;}\r\n.Normal Table {table-layout: auto;}\r\n.Заголовок 1 Знак {font-family: \'Times New Roman\'; font-size: 24pt; font-weight: bold;}\r\n.Заголовок 2 Знак {font-family: \'Times New Roman\'; font-size: 18pt; font-weight: bold;}\r\n.Hyperlink {color: #0000FF; text-decoration: underline ;}\r\nbody > div + div {page-break-before: always;}\r\ndiv > *:first-child {page-break-before: auto;}\r\n@page page1 {size: A4 portrait; margin-right: 0.59027777777778in; margin-left: 1.18125in; margin-top: 0.7875in; margin-bottom: 0.7875in; }\r\n</style>\r\n</head>\r\n<body>\r\n<div style=\'page: page1\'>\r\n<p style=\"text-align: center;\"><span style=\"font-family: \'Times New Roman\'; font-size: 13pt;\">Они рыли без устали, бросая работу только в те часы, когда принуждены были возвращаться к себе и ждать посещения тюремщика. Впрочем, они научились уже издали различать его шаги, и ни одного из них ни разу не застали врасплох. Чтобы земля, вынутая из нового подкопа, не завалила старый, они выкидывали ее понемногу и с невероятными предосторожностями в окно камеры Дантеса или </span><span style=\"font-family: \'Times New Roman\'; font-size: 13pt;\">Фариа</span><span style=\"font-family: \'Times New Roman\'; font-size: 13pt;\">; ее тщательно измельчали в порошок, и ночной ветер уносил ее.</span></p>\r\n<p style=\"text-align: center;\"><span style=\"font-family: \'Times New Roman\'; font-size: 13pt;\">Более года ушло на эту работу, выполненную долотом, ножом и деревянным рычагом; весь этот год аббат продолжал учить Дантеса, говорил с ним то на одном, то на другом языке, рассказывал ему историю народов и тех великих людей, которые время от времени оставляют за собою блистательный след, называемый славою. К тому же аббат, как человек светский, принадлежавший к высшему обществу, в обращении своем сохранял какую-то грустную величавость; Дантес благодаря врожденной переимчивости сумел усвоить изящную учтивость, которой ему недоставало, и аристократические манеры, приобретаемые обычно только в общении с высшими классами или в обществе просвещенных людей.</span></p>\r\n<p style=\"text-align: center;\"><span style=\"font-family: \'Times New Roman\'; font-size: 13pt;\">Через пятнадцать месяцев проход был вырыт; под галереей была сделана выемка; можно было слышать шаги часового, расхаживавшего взад и вперед; и узники, вынужденные для успешности побега ждать темной и безлунной ночи, боялись одного: что земля не выдержит и сама прежде времени осыплется под ногами солдата. Чтобы предотвратить эту опасность, узники подставили подпорку, которую нашли в фундаменте.</span></p>\r\n<p style=\"text-align: center;\"><span style=\"font-family: \'Times New Roman\'; font-size: 13pt;\">Дантес как раз был занят этим, когда вдруг услышал, что аббат </span><span style=\"font-family: \'Times New Roman\'; font-size: 13pt;\">Фариа</span><span style=\"font-family: \'Times New Roman\'; font-size: 13pt;\">, остававшийся в его камере, где он обтачивал гвоздь, предназначенный для укрепления веревочной лестницы, зовет его испуганным голосом. Дантес поспешил к нему и увидел, что аббат стоит посреди камеры, бледный, в поту, с судорожно стиснутыми руками.</span></p>\r\n<p style=\"text-align: center;\"><span style=\"font-family: \'Times New Roman\'; font-size: 13pt;\">Дантес не потерял присутствия духа, несмотря на страшное несчастье, обрушившееся на него; он спустился в подкоп, таща за собой бедного аббата; с неимоверными усилиями он довел больного до его камеры и уложил в постель.</span></p>\r\n<p style=\"text-align: center;\"><span style=\"font-family: \'Times New Roman\'; font-size: 13pt;\">– Благодарю, – сказал аббат, дрожа всем телом, как будто он только что вышел из холодной воды. – Припадок сейчас начнется, я буду в каталепсии; может быть, буду лежать без движения, не издавая ни единого стона, а может быть, на губах выступит пена, я буду корчиться и кричать. Сделайте так, чтобы не было слышно моих криков; это самое важное; иначе меня, чего доброго, переведут в другую камеру, и нас разлучат навеки. Когда вы увидите, что я застыл, окостенел, словом, все равно что мертвец, тогда – только тогда, слышите? – разожмите мне зубы ножом и влейте в рот десять капель настоя; и, может быть, я очнусь.</span></p>\r\n<p style=\"text-align: center;\"><span style=\"font-family: \'Times New Roman\'; font-size: 13pt;\">Припадок начался с такой быстротой и силой, что несчастный узник не успел даже кончить начатого слова. Тень мелькнула на его челе, быстрая и мрачная, как морская буря; глаза раскрылись, рот искривился, щеки побагровели; он бился, рычал, на губах выступила пена. Исполняя его приказание, Дантес зажал ему рот одеялом. Так продолжалось два часа. Наконец, бесчувственный, как </span><span style=\"font-family: \'Times New Roman\'; font-size: 13pt;\">камень, холодный и бледный, как мрамор, беспомощный, как растоптанная былинка, он забился в последних судорогах, потом вытянулся на постели и остался недвижим.</span></p>\r\n<p style=\"text-align: center;\"><span style=\"font-family: \'Times New Roman\'; font-size: 13pt;\">Эдмон ждал, пока эта мнимая смерть завладеет всем телом и оледенит самое сердце. Тогда он взял нож, просунул его между зубами, с величайшими усилиями разжал стиснутые челюсти, влил одну за другой десять капель красного настоя и стал ждать.</span></p>\r\n<p style=\"text-align: center;\"><span style=\"font-family: \'Times New Roman\'; font-size: 13pt;\">Прошел час, старик не шевелился. Дантес испугался, что ждал слишком долго, и смотрел на него с ужасом, схватившись за голову. Наконец, легкая краска показалась на щеках; в глазах, все время остававшихся открытыми и пустыми, мелькнуло сознание; легкий вздох вылетел из уст; старик пошевелился.</span></p>\r\n</div>\r\n</body>\r\n</html>\r\n','popup_text',0,1717936375,86),
 (37,'Благодарим вас за посещение Plebscracy.','popup_title',0,1718174876,86),
 (38,'<!DOCTYPE html>\r\n<!-- Generated by PHPWord -->\r\n<html lang=\'ru-RU\'>\r\n<head>\r\n<meta charset=\"UTF-8\" />\r\n<title>PHPWord</title>\r\n<meta name=\"author\" content=\"adam jbr\" />\r\n<style>\r\nbody {font-family: \'Arial\'; font-size: 11pt;}\r\n* {font-family: \'Arial\'; font-size: 11pt;}\r\na.NoteRef {text-decoration: none;}\r\nhr {height: 1px; padding: 0; margin: 1em 0; border: 0; border-top: 1px solid #CCC;}\r\ntable {border: 1px solid black; border-spacing: 0px; width : 100%;}\r\ntd {border: 1px solid black;}\r\np, .Normal {margin-bottom: 8pt;}\r\n.Normal Table {table-layout: auto;}\r\n.Hyperlink {color: #0563C1; text-decoration: underline ;}\r\n.Unresolved Mention {color: #605E5C;}\r\n.List Paragraph {margin-left: 360in; margin-right: 0in;}\r\nbody > div + div {page-break-before: always;}\r\ndiv > *:first-child {page-break-before: auto;}\r\n@page page1 {size: A4 portrait; margin-right: 1in; margin-left: 1in; margin-top: 1in; margin-bottom: 1in; }\r\n</style>\r\n</head>\r\n<body>\r\n<div style=\'page: page1\'>\r\n<p style=\"text-align: justify;\"><span lang=\'en-US\' style=\"font-weight: bold;\">1. What Are Cookies?</span></p>\r\n<p style=\"text-align: justify;\"><span lang=\'en-US\'>Cookies are small files containing data that are downloaded to your device when you visit a website. They allow the website to remember information about your visit, such as your browser preferences and browsing history. This can make your subsequent visits to the website smoother and more personalized.</span></p>\r\n<p style=\"text-align: justify;\"><span lang=\'en-US\' style=\"font-weight: bold;\">2. What Types of Cookies Do We Use?</span></p>\r\n<p style=\"text-align: justify;\"><span lang=\'en-US\'>We use a variety of Cookies on the Platform, which can be categorized as follows:</span></p>\r\n<p style=\"text-align: justify;\"><span lang=\'en-US\'>Essential Cookies: These Cookies are necessary for the Platform to function properly and cannot be disabled. They allow you to navigate the Platform and use its features, such as logging in and remembering your preferences.</span></p>\r\n<p style=\"text-align: justify;\"><span lang=\'en-US\'>Functional Cookies: These Cookies help us improve the functionality of the Platform and provide a more personalized experience. They allow us to remember your preferences and settings, such as your preferred language and location.</span></p>\r\n<p style=\"text-align: justify;\"><span lang=\'en-US\'>Analytics Cookies: These Cookies collect information about how you use the Platform, such as the pages you visit and the links you click. We use this information to analyze and improve the Platform, as well as to measure the effectiveness of our marketing campaigns.</span></p>\r\n<p style=\"text-align: justify;\"><span lang=\'en-US\'>Advertising Cookies: These Cookies are used to show you relevant advertising based on your interests. They track your browsing behavior across different websites and build a profile of your interests.</span></p>\r\n<p style=\"text-align: justify;\"><span lang=\'en-US\' style=\"font-weight: bold;\">3. How Can You Control Cookies?</span></p>\r\n<p style=\"text-align: justify;\"><span lang=\'en-US\'>You can control your Cookie preferences through your browser settings. Most browsers allow you to block or delete Cookies, or set your browser to notify you when you receive a Cookie. However, disabling Cookies may limit your ability to use some features of the Platform.</span></p>\r\n<p style=\"text-align: justify;\"><span lang=\'en-US\'>You can also learn more about managing Cookies and opt-out of interest-based advertising by visiting the websites of the following organizations:</span></p>\r\n<p style=\"text-align: justify;\"><span lang=\'en-US\'>Digital Advertising Alliance (DAA):</span><span lang=\'en-US\'> </span></p>\r\n<p style=\"text-align: justify;\"><span lang=\'en-US\'>Network Advertising Initiative (NAI):</span></p>\r\n<p style=\"text-align: justify;\"><span lang=\'en-US\'>European Interactive Digital Advertising Alliance (EDAA):</span></p>\r\n<p style=\"text-align: justify;\"><span lang=\'en-US\' style=\"font-weight: bold;\">4. Changes to this Policy</span></p>\r\n<p style=\"text-align: justify;\"><span lang=\'en-US\'>We may update this Cookie Policy from time to time. We will notify you of any material changes to the Policy by posting a notice on the Platform or by contacting you directly. We encourage you to review this Policy regularly for the latest information about our Cookie practices.</span></p>\r\n<p style=\"text-align: justify;\"><span lang=\'en-US\' style=\"font-weight: bold;\">5. Contact Us</span></p>\r\n<p style=\"text-align: justify;\"><span lang=\'en-US\'>If you have any questions or concerns about this Cookie Policy or our data practices, please contact us at</span><span lang=\'en-US\'> info@</span><span lang=\'en-US\' style=\"color: #auto;\">p</span><span lang=\'en-US\' style=\"color: #auto;\">lebscracy</span><span lang=\'en-US\' style=\"color: #auto;\">.com</span><span lang=\'en-US\'>.</span></p>\r\n<p style=\"text-align: justify;\"><span lang=\'en-US\'>Additional Information:</span></p>\r\n<p style=\"text-align: justify;\"><span lang=\'en-US\'>This Cookie Policy should be read in conjunction with our Privacy Policy, which provides more information about how we collect, use, and disclose your Personal Data.</span></p>\r\n<p style=\"text-align: justify;\"><span lang=\'en-US\'>We may use other tracking technologies in addition to Cookies, such as web beacons and pixel tags. These technologies work in a similar way to Cookies and are used to collect information about your use of the Platform.</span></p>\r\n<p style=\"text-align: justify;\"><span lang=\'en-US\'>We may partner with third-party service providers who use Cookies and other tracking technologies on the Platform. These service providers help us operate and improve the Platform, and they may collect information about your use of the Platform for their own purposes.</span></p>\r\n<p style=\"text-align: justify;\"><span lang=\'en-US\'>We hope this Cookie Policy provides you with clear and comprehensive information about how we use Cookies on the Platform. Please do not hesitate to contact us if you have any questions.</span></p>\r\n</div>\r\n</body>\r\n</html>\r\n','popup_text',0,1718175112,86),
 (39,'<!DOCTYPE html><!-- Generated by PHPWord --><html lang=\'ru-RU\'><head><meta charset=\"UTF-8\" /><title>PHPWord</title><meta name=\"author\" content=\"adam jbr\" /><style>body {font-family: \'Arial\'; font-size: 11pt;}* {font-family: \'Arial\'; font-size: 11pt;}a.NoteRef {text-decoration: none;}hr {height: 1px; padding: 0; margin: 1em 0; border: 0; border-top: 1px solid #CCC;}table {border: 1px solid black; border-spacing: 0px; width : 100%;}td {border: 1px solid black;}p, .Normal {margin-bottom: 8pt;}.Normal Table {table-layout: auto;}.Hyperlink {color: #0563C1; text-decoration: underline ;}.Unresolved Mention {color: #605E5C;}.List Paragraph {margin-left: 360in; margin-right: 0in;}body > div + div {page-break-before: always;}div > *:first-child {page-break-before: auto;}@page page1 {size: A4 portrait; margin-right: 1in; margin-left: 1in; margin-top: 1in; margin-bottom: 1in; }</style></head><body><div style=\'page: page1\'><p style=\"text-align: justify;\"><span lang=\'en-US\' style=\"font-weight: bold;\">1. What Are Cookies?</span></p><p style=\"text-align: justify;\"><span lang=\'en-US\'>Cookies are small files containing data that are downloaded to your device when you visit a website. They allow the website to remember information about your visit, such as your browser preferences and browsing history. This can make your subsequent visits to the website smoother and more personalized.</span></p><p style=\"text-align: justify;\"><span lang=\'en-US\' style=\"font-weight: bold;\">2. What Types of Cookies Do We Use?</span></p><p style=\"text-align: justify;\"><span lang=\'en-US\'>We use a variety of Cookies on the Platform, which can be categorized as follows:</span></p><p style=\"text-align: justify;\"><span lang=\'en-US\'>Essential Cookies: These Cookies are necessary for the Platform to function properly and cannot be disabled. They allow you to navigate the Platform and use its features, such as logging in and remembering your preferences.</span></p><p style=\"text-align: justify;\"><span lang=\'en-US\'>Functional Cookies: These Cookies help us improve the functionality of the Platform and provide a more personalized experience. They allow us to remember your preferences and settings, such as your preferred language and location.</span></p><p style=\"text-align: justify;\"><span lang=\'en-US\'>Analytics Cookies: These Cookies collect information about how you use the Platform, such as the pages you visit and the links you click. We use this information to analyze and improve the Platform, as well as to measure the effectiveness of our marketing campaigns.</span></p><p style=\"text-align: justify;\"><span lang=\'en-US\'>Advertising Cookies: These Cookies are used to show you relevant advertising based on your interests. They track your browsing behavior across different websites and build a profile of your interests.</span></p><p style=\"text-align: justify;\"><span lang=\'en-US\' style=\"font-weight: bold;\">3. How Can You Control Cookies?</span></p><p style=\"text-align: justify;\"><span lang=\'en-US\'>You can control your Cookie preferences through your browser settings. Most browsers allow you to block or delete Cookies, or set your browser to notify you when you receive a Cookie. However, disabling Cookies may limit your ability to use some features of the Platform.</span></p><p style=\"text-align: justify;\"><span lang=\'en-US\'>You can also learn more about managing Cookies and opt-out of interest-based advertising by visiting the websites of the following organizations:</span></p><p style=\"text-align: justify;\"><span lang=\'en-US\'>Digital Advertising Alliance (DAA):</span><span lang=\'en-US\'> </span></p><p style=\"text-align: justify;\"><span lang=\'en-US\'>Network Advertising Initiative (NAI):</span></p><p style=\"text-align: justify;\"><span lang=\'en-US\'>European Interactive Digital Advertising Alliance (EDAA):</span></p><p style=\"text-align: justify;\"><span lang=\'en-US\' style=\"font-weight: bold;\">4. Changes to this Policy</span></p><p style=\"text-align: justify;\"><span lang=\'en-US\'>We may update this Cookie Policy from time to time. We will notify you of any material changes to the Policy by posting a notice on the Platform or by contacting you directly. We encourage you to review this Policy regularly for the latest information about our Cookie practices.</span></p><p style=\"text-align: justify;\"><span lang=\'en-US\' style=\"font-weight: bold;\">5. Contact Us</span></p><p style=\"text-align: justify;\"><span lang=\'en-US\'>If you have any questions or concerns about this Cookie Policy or our data practices, please contact us at</span><span lang=\'en-US\'> info@</span><span lang=\'en-US\' style=\"color: #auto;\">p</span><span lang=\'en-US\' style=\"color: #auto;\">lebscracy</span><span lang=\'en-US\' style=\"color: #auto;\">.com</span><span lang=\'en-US\'>.</span></p><p style=\"text-align: justify;\"><span lang=\'en-US\'>Additional Information:</span></p><p style=\"text-align: justify;\"><span lang=\'en-US\'>This Cookie Policy should be read in conjunction with our Privacy Policy, which provides more information about how we collect, use, and disclose your Personal Data.</span></p><p style=\"text-align: justify;\"><span lang=\'en-US\'>We may use other tracking technologies in addition to Cookies, such as web beacons and pixel tags. These technologies work in a similar way to Cookies and are used to collect information about your use of the Platform.</span></p><p style=\"text-align: justify;\"><span lang=\'en-US\'>We may partner with third-party service providers who use Cookies and other tracking technologies on the Platform. These service providers help us operate and improve the Platform, and they may collect information about your use of the Platform for their own purposes.</span></p><p style=\"text-align: justify;\"><span lang=\'en-US\'>We hope this Cookie Policy provides you with clear and comprehensive information about how we use Cookies on the Platform. Please do not hesitate to contact us if you have any questions.</span></p></div></body></html>','popup_title',0,1718175113,86),
 (40,'Благодарим вас за посещение Plebscracy','popup_title',1,1718175188,86),
 (41,'<!DOCTYPE html>\r\n<!-- Generated by PHPWord -->\r\n<html lang=\'ru-RU\'>\r\n<head>\r\n<meta charset=\"UTF-8\" />\r\n<title>PHPWord</title>\r\n<meta name=\"author\" content=\"adam jbr\" />\r\n<style>\r\nbody {font-family: \'Arial\'; font-size: 11pt;}\r\n* {font-family: \'Arial\'; font-size: 11pt;}\r\na.NoteRef {text-decoration: none;}\r\nhr {height: 1px; padding: 0; margin: 1em 0; border: 0; border-top: 1px solid #CCC;}\r\ntable {border: 1px solid black; border-spacing: 0px; width : 100%;}\r\ntd {border: 1px solid black;}\r\np, .Normal {margin-bottom: 8pt;}\r\n.Normal Table {table-layout: auto;}\r\n.Hyperlink {color: #0563C1; text-decoration: underline ;}\r\n.Unresolved Mention {color: #605E5C;}\r\n.List Paragraph {margin-left: 360in; margin-right: 0in;}\r\nbody > div + div {page-break-before: always;}\r\ndiv > *:first-child {page-break-before: auto;}\r\n@page page1 {size: A4 portrait; margin-right: 1in; margin-left: 1in; margin-top: 1in; margin-bottom: 1in; }\r\n</style>\r\n</head>\r\n<body>\r\n<div style=\'page: page1\'>\r\n<p style=\"text-align: right;\"><span lang=\'en-US\' style=\"font-weight: bold;\">1. What Are Cookies?</span></p>\r\n<p style=\"text-align: right;\"><span lang=\'en-US\'>Cookies are small files containing data that are downloaded to your device when you visit a website. They allow the website to remember information about your visit, such as your browser preferences and browsing history. This can make your subsequent visits to the website smoother and more personalized.</span></p>\r\n<p style=\"text-align: right;\"><span lang=\'en-US\' style=\"font-weight: bold;\">2. What Types of Cookies Do We Use?</span></p>\r\n<p style=\"text-align: right;\"><span lang=\'en-US\'>We use a variety of Cookies on the Platform, which can be categorized as follows:</span></p>\r\n<p style=\"text-align: right;\"><span lang=\'en-US\'>Essential Cookies: These Cookies are necessary for the Platform to function properly and cannot be disabled. They allow you to navigate the Platform and use its features, such as logging in and remembering your preferences.</span></p>\r\n<p style=\"text-align: right;\"><span lang=\'en-US\'>Functional Cookies: These Cookies help us improve the functionality of the Platform and provide a more personalized experience. They allow us to remember your preferences and settings, such as your preferred language and location.</span></p>\r\n<p style=\"text-align: right;\"><span lang=\'en-US\'>Analytics Cookies: These Cookies collect information about how you use the Platform, such as the pages you visit and the links you click. We use this information to analyze and improve the Platform, as well as to measure the effectiveness of our marketing campaigns.</span></p>\r\n<p style=\"text-align: right;\"><span lang=\'en-US\'>Advertising Cookies: These Cookies are used to show you relevant advertising based on your interests. They track your browsing behavior across different websites and build a profile of your interests.</span></p>\r\n<p style=\"text-align: right;\"><span lang=\'en-US\' style=\"font-weight: bold;\">3. How Can You Control Cookies?</span></p>\r\n<p style=\"text-align: right;\"><span lang=\'en-US\'>You can control your Cookie preferences through your browser settings. Most browsers allow you to block or delete Cookies, or set your browser to notify you when you receive a Cookie. However, disabling Cookies may limit your ability to use some features of the Platform.</span></p>\r\n<p style=\"text-align: right;\"><span lang=\'en-US\'>You can also learn more about managing Cookies and opt-out of interest-based advertising by visiting the websites of the following organizations:</span></p>\r\n<p style=\"text-align: right;\"><span lang=\'en-US\'>Digital Advertising Alliance (DAA):</span><span lang=\'en-US\'> </span></p>\r\n<p style=\"text-align: right;\"><span lang=\'en-US\'>Network Advertising Initiative (NAI):</span></p>\r\n<p style=\"text-align: right;\"><span lang=\'en-US\'>European Interactive Digital Advertising Alliance (EDAA):</span></p>\r\n<p style=\"text-align: right;\"><span lang=\'en-US\' style=\"font-weight: bold;\">4. Changes to this Policy</span></p>\r\n<p style=\"text-align: right;\"><span lang=\'en-US\'>We may update this Cookie Policy from time to time. We will notify you of any material changes to the Policy by posting a notice on the Platform or by contacting you directly. We encourage you to review this Policy regularly for the latest information about our Cookie practices.</span></p>\r\n<p style=\"text-align: right;\"><span lang=\'en-US\' style=\"font-weight: bold;\">5. Contact Us</span></p>\r\n<p style=\"text-align: right;\"><span lang=\'en-US\'>If you have any questions or concerns about this Cookie Policy or our data practices, please contact us at</span><span lang=\'en-US\'> info@</span><span lang=\'en-US\' style=\"color: #auto;\">p</span><span lang=\'en-US\' style=\"color: #auto;\">lebscracy</span><span lang=\'en-US\' style=\"color: #auto;\">.com</span><span lang=\'en-US\'>.</span></p>\r\n<p style=\"text-align: right;\"><span lang=\'en-US\'>Additional Information:</span></p>\r\n<p style=\"text-align: right;\"><span lang=\'en-US\'>This Cookie Policy should be read in conjunction with our Privacy Policy, which provides more information about how we collect, use, and disclose your Personal Data.</span></p>\r\n<p style=\"text-align: right;\"><span lang=\'en-US\'>We may use other tracking technologies in addition to Cookies, such as web beacons and pixel tags. These technologies work in a similar way to Cookies and are used to collect information about your use of the Platform.</span></p>\r\n<p style=\"text-align: right;\"><span lang=\'en-US\'>We may partner with third-party service providers who use Cookies and other tracking technologies on the Platform. These service providers help us operate and improve the Platform, and they may collect information about your use of the Platform for their own purposes.</span></p>\r\n<p style=\"text-align: right;\"><span lang=\'en-US\'>We hope this Cookie Policy provides you with clear and comprehensive information about how we use Cookies on the Platform. Please do not hesitate to contact us if you have any questions.</span></p>\r\n</div>\r\n</body>\r\n</html>\r\n','popup_text',0,1718175248,86),
 (42,'<!DOCTYPE html>\r\n<!-- Generated by PHPWord -->\r\n<html lang=\'ru-RU\'>\r\n<head>\r\n<meta charset=\"UTF-8\" />\r\n<title>PHPWord</title>\r\n<meta name=\"author\" content=\"adam jbr\" />\r\n<style>\r\nbody {font-family: \'Arial\'; font-size: 11pt;}\r\n* {font-family: \'Arial\'; font-size: 11pt;}\r\na.NoteRef {text-decoration: none;}\r\nhr {height: 1px; padding: 0; margin: 1em 0; border: 0; border-top: 1px solid #CCC;}\r\ntable {border: 1px solid black; border-spacing: 0px; width : 100%;}\r\ntd {border: 1px solid black;}\r\np, .Normal {margin-bottom: 8pt;}\r\n.Normal Table {table-layout: auto;}\r\n.Hyperlink {color: #0563C1; text-decoration: underline ;}\r\n.Unresolved Mention {color: #605E5C;}\r\n.List Paragraph {margin-left: 360in; margin-right: 0in;}\r\nbody > div + div {page-break-before: always;}\r\ndiv > *:first-child {page-break-before: auto;}\r\n@page page1 {size: A4 portrait; margin-right: 1in; margin-left: 1in; margin-top: 1in; margin-bottom: 1in; }\r\n</style>\r\n</head>\r\n<body>\r\n<div style=\'page: page1\'>\r\n<p style=\"text-align: justify;\"><span lang=\'en-US\' style=\"font-weight: bold;\">1. What Are Cookies?</span></p>\r\n<p style=\"text-align: justify;\"><span lang=\'en-US\'>Cookies are small files containing data that are downloaded to your device when you visit a website. They allow the website to remember information about your visit, such as your browser preferences and browsing history. This can make your subsequent visits to the website smoother and more personalized.</span></p>\r\n<p style=\"text-align: justify;\"><span lang=\'en-US\' style=\"font-weight: bold;\">2. What Types of Cookies Do We Use?</span></p>\r\n<p style=\"text-align: justify;\"><span lang=\'en-US\'>We use a variety of Cookies on the Platform, which can be categorized as follows:</span></p>\r\n<p style=\"text-align: justify;\"><span lang=\'en-US\'>Essential Cookies: These Cookies are necessary for the Platform to function properly and cannot be disabled. They allow you to navigate the Platform and use its features, such as logging in and remembering your preferences.</span></p>\r\n<p style=\"text-align: justify;\"><span lang=\'en-US\'>Functional Cookies: These Cookies help us improve the functionality of the Platform and provide a more personalized experience. They allow us to remember your preferences and settings, such as your preferred language and location.</span></p>\r\n<p style=\"text-align: justify;\"><span lang=\'en-US\'>Analytics Cookies: These Cookies collect information about how you use the Platform, such as the pages you visit and the links you click. We use this information to analyze and improve the Platform, as well as to measure the effectiveness of our marketing campaigns.</span></p>\r\n<p style=\"text-align: justify;\"><span lang=\'en-US\'>Advertising Cookies: These Cookies are used to show you relevant advertising based on your interests. They track your browsing behavior across different websites and build a profile of your interests.</span></p>\r\n<p style=\"text-align: justify;\"><span lang=\'en-US\' style=\"font-weight: bold;\">3. How Can You Control Cookies?</span></p>\r\n<p style=\"text-align: justify;\"><span lang=\'en-US\'>You can control your Cookie preferences through your browser settings. Most browsers allow you to block or delete Cookies, or set your browser to notify you when you receive a Cookie. However, disabling Cookies may limit your ability to use some features of the Platform.</span></p>\r\n<p style=\"text-align: justify;\"><span lang=\'en-US\'>You can also learn more about managing Cookies and opt-out of interest-based advertising by visiting the websites of the following organizations:</span></p>\r\n<p style=\"text-align: justify;\"><span lang=\'en-US\'>Digital Advertising Alliance (DAA):</span><span lang=\'en-US\'> </span></p>\r\n<p style=\"text-align: justify;\"><span lang=\'en-US\'>Network Advertising Initiative (NAI):</span></p>\r\n<p style=\"text-align: justify;\"><span lang=\'en-US\'>European Interactive Digital Advertising Alliance (EDAA):</span></p>\r\n<p style=\"text-align: justify;\"><span lang=\'en-US\' style=\"font-weight: bold;\">4. Changes to this Policy</span></p>\r\n<p style=\"text-align: justify;\"><span lang=\'en-US\'>We may update this Cookie Policy from time to time. We will notify you of any material changes to the Policy by posting a notice on the Platform or by contacting you directly. We encourage you to review this Policy regularly for the latest information about our Cookie practices.</span></p>\r\n<p style=\"text-align: justify;\"><span lang=\'en-US\' style=\"font-weight: bold;\">5. Contact Us</span></p>\r\n<p style=\"text-align: justify;\"><span lang=\'en-US\'>If you have any questions or concerns about this Cookie Policy or our data practices, please contact us at</span><span lang=\'en-US\'> info@</span><span lang=\'en-US\' style=\"color: #auto;\">p</span><span lang=\'en-US\' style=\"color: #auto;\">lebscracy</span><span lang=\'en-US\' style=\"color: #auto;\">.com</span><span lang=\'en-US\'>.</span></p>\r\n<p style=\"text-align: justify;\"><span lang=\'en-US\'>Additional Information:</span></p>\r\n<p style=\"text-align: justify;\"><span lang=\'en-US\'>This Cookie Policy should be read in conjunction with our Privacy Policy, which provides more information about how we collect, use, and disclose your Personal Data.</span></p>\r\n<p style=\"text-align: justify;\"><span lang=\'en-US\'>We may use other tracking technologies in addition to Cookies, such as web beacons and pixel tags. These technologies work in a similar way to Cookies and are used to collect information about your use of the Platform.</span></p>\r\n<p style=\"text-align: justify;\"><span lang=\'en-US\'>We may partner with third-party service providers who use Cookies and other tracking technologies on the Platform. These service providers help us operate and improve the Platform, and they may collect information about your use of the Platform for their own purposes.</span></p>\r\n<p style=\"text-align: justify;\"><span lang=\'en-US\'>We hope this Cookie Policy provides you with clear and comprehensive information about how we use Cookies on the Platform. Please do not hesitate to contact us if you have any questions.</span></p>\r\n</div>\r\n</body>\r\n</html>\r\n','popup_text',1,1718175284,86);
/*!40000 ALTER TABLE `docs` ENABLE KEYS */;


--
-- Definition of table `favourites`
--

DROP TABLE IF EXISTS `favourites`;
CREATE TABLE `favourites` (
  `id` int unsigned NOT NULL AUTO_INCREMENT,
  `id_user` int unsigned NOT NULL,
  `id_question` int unsigned NOT NULL,
  `data` int unsigned NOT NULL,
  PRIMARY KEY (`id`)
) ENGINE=InnoDB AUTO_INCREMENT=6 DEFAULT CHARSET=utf8mb4 COLLATE=utf8mb4_general_ci;

--
-- Dumping data for table `favourites`
--

/*!40000 ALTER TABLE `favourites` DISABLE KEYS */;
INSERT INTO `favourites` (`id`,`id_user`,`id_question`,`data`) VALUES 
 (3,94,249,1718365896),
 (4,94,249,1718365897),
 (5,94,248,1718365914);
/*!40000 ALTER TABLE `favourites` ENABLE KEYS */;


--
-- Definition of table `grand`
--

DROP TABLE IF EXISTS `grand`;
CREATE TABLE `grand` (
  `id` int unsigned NOT NULL AUTO_INCREMENT,
  `name` varchar(255) CHARACTER SET utf8mb3 COLLATE utf8mb3_general_ci NOT NULL,
  `status` int unsigned NOT NULL DEFAULT '1',
  PRIMARY KEY (`id`)
) ENGINE=InnoDB AUTO_INCREMENT=416 DEFAULT CHARSET=utf8mb3;

--
-- Dumping data for table `grand`
--

/*!40000 ALTER TABLE `grand` DISABLE KEYS */;
INSERT INTO `grand` (`id`,`name`,`status`) VALUES 
 (1,'Not indicated',1),
 (211,'France',1),
 (212,'Germany',1),
 (213,'Netherlands',1),
 (214,'Australia',1),
 (215,'Norway',1),
 (216,'Iceland',1),
 (217,'Finland',1),
 (218,'Italy',1),
 (219,'United Kingdom',1),
 (220,'Ireland',1),
 (221,'Spain',1),
 (222,'Switzerland',1),
 (223,'Belgium',1),
 (224,'Austria',1),
 (225,'Czech Republic',1),
 (226,'Portugal',1),
 (227,'Luxembourg',1),
 (228,'Liechtenstein',1),
 (229,'Slovenia',1),
 (230,'Malta',1),
 (231,'Hungary',1),
 (232,'Slovakia',1),
 (233,'Greece',1),
 (234,'Estonia',1),
 (235,'Poland',1),
 (236,'Lithuania',1),
 (237,'Latvia',1),
 (238,'Cyprus',1),
 (239,'Romania',1),
 (240,'Bulgaria',1),
 (241,'Croatia',1),
 (242,'United States',1),
 (243,'Japan',1),
 (244,'Gibraltar',1),
 (245,'Canada',1),
 (246,'Chile',1),
 (247,'Singapore',1),
 (248,'New Zealand',1),
 (249,'Argentina',1),
 (250,'Brazil',1),
 (251,'South Korea',1),
 (252,'Jersey',1),
 (253,'Guernsey',1),
 (254,'Isle of Man',1),
 (255,'Monaco',1),
 (256,'Andorra',1),
 (257,'San Marino',1),
 (258,'Malaysia',1),
 (259,'Uruguay',1),
 (260,'United Arab Emirates',1),
 (261,'Brunei Darussalam',1),
 (262,'Hong Kong',1),
 (263,'Antigua and Barbuda',1),
 (264,'Saint Kitts and Nevis',1),
 (265,'Paraguay',1),
 (266,'Israel',1),
 (267,'Barbados',1),
 (268,'Saint Vincent',1),
 (269,'Seychelles',1),
 (270,'Taiwan',1),
 (271,'Mexico',1),
 (272,'Iraq',1),
 (273,'Peru',1),
 (274,'Bahamas',1),
 (275,'Costa Rica',1),
 (276,'Qatar',1),
 (277,'Saudi Arabia',1),
 (278,'People\'\'s Republic of China',1),
 (279,'Venezuela',1),
 (280,'Dominica',1),
 (281,'Panama',1),
 (282,'Macao',1),
 (283,'Trinidad and Tobago',1),
 (284,'Colombia',1),
 (285,'Palau',1),
 (286,'Serbia',1),
 (287,'Russian Federation',1),
 (288,'Marshall Islands',1),
 (289,'Montenegro',1),
 (290,'Federated States of Micronesia',1),
 (291,'El Salvador',1),
 (292,'Samoa',1),
 (293,'North Macedonia',1),
 (294,'Honduras',1),
 (295,'Ecuador',1),
 (296,'Guatemala',1),
 (297,'Kuwait',1),
 (298,'Bosnia and Herzegovina',1),
 (299,'Albania',1),
 (300,'Tonga',1),
 (301,'Moldova',1),
 (302,'Tuvalu',1),
 (303,'Nicaragua',1),
 (304,'Ukraine',1),
 (305,'Turkey',1),
 (306,'Georgia',1),
 (307,'Vanuatu',1),
 (308,'Oman',1),
 (309,'Kiribati',1),
 (310,'Solomon Islands',1),
 (311,'Bahrain',1),
 (312,'Bolivia',1),
 (313,'Kazakhstan',1),
 (314,'South Africa',1),
 (315,'Belarus',1),
 (316,'Cape Verde',1),
 (317,'Belize',1),
 (318,'Ghana',1),
 (319,'Guyana',1),
 (320,'Fiji',1),
 (321,'Suriname',1),
 (322,'Timor-Leste',1),
 (323,'Botswana',1),
 (324,'Maldives',1),
 (325,'Thailand',1),
 (326,'India',1),
 (327,'Gambia',1),
 (328,'Nauru',1),
 (329,'Jamaica',1),
 (330,'Indonesia',1),
 (331,'Benin',1),
 (332,'Armenia',1),
 (333,'Sierra Leone',1),
 (334,'Senegal',1),
 (335,'Latvia',1),
 (336,'Kyrgyzstan',1),
 (337,'Togo',1),
 (338,'Dominican Republic',1),
 (339,'Azerbaijan',1),
 (340,'Namibia',1),
 (341,'Côte d’Ivoire',1),
 (342,'Cuba',1),
 (343,'Tunisia',1),
 (344,'Guinea',1),
 (345,'Burkina Faso',1),
 (346,'Uzbekistan',1),
 (347,'Mongolia',1),
 (348,'Guinea-Bissau',1),
 (349,'Papua New Guinea',1),
 (350,'Liberia',1),
 (351,'Morocco',1),
 (352,'Nigeria',1),
 (353,'Philippines',1),
 (354,'Tajikistan',1),
 (355,'Mali',1),
 (356,'Swaziland',1),
 (357,'Zambia',1),
 (358,'Bhutan',1),
 (359,'Niger',1),
 (360,'Algeria',1),
 (361,'Tanzania',1),
 (362,'Kenya',1),
 (363,'Jordan',1),
 (364,'Gabon',1),
 (365,'Vietnam',1),
 (366,'Turkmenistan',1),
 (367,'Lesotho',1),
 (368,'Malawi',1),
 (369,'Sri Lanka',1),
 (370,'Iran',1),
 (371,'Sao Tome',1),
 (372,'Egypt',1),
 (373,'Kosovo',1),
 (374,'Laos',1),
 (375,'British Nationals (Overseas)',1),
 (376,'Lebanon',1),
 (377,'Uganda',1),
 (378,'British overseas territories citizenship',1),
 (379,'Zimbabwe',1),
 (380,'Equatorial Guinea',1),
 (381,'Cambodia',1),
 (382,'Madagascar',1),
 (383,'Angola',1),
 (384,'Comoros',1),
 (385,'Mauritania',1),
 (386,'Bangladesh',1),
 (387,'Haiti',1),
 (388,'Rwanda',1),
 (389,'Republic of the Congo',1),
 (390,'Mozambique',1),
 (391,'Sudan',1),
 (392,'Myanmar',1),
 (393,'Nepal',1),
 (394,'North Korea',1),
 (395,'British Overseas citizenship',1),
 (396,'British Subjects',1),
 (397,'British protected persons',1),
 (398,'Cameroon',1),
 (399,'Libya',1),
 (400,'Djibouti',1),
 (401,'Chad',1),
 (402,'Burundi',1),
 (403,'Ethiopia',1),
 (404,'Iraq',1),
 (405,'Pakistan',1),
 (406,'Palestine',1),
 (407,'Eritrea',1),
 (408,'Democratic Republic of the Congo',1),
 (409,'Central African Republic',1),
 (410,'Yemen',1),
 (411,'Syrian Arab Republic',1),
 (412,'South Sudan',1),
 (413,'Afghanistan',1),
 (414,'Somalia',1),
 (415,'Channel Islands',1);
/*!40000 ALTER TABLE `grand` ENABLE KEYS */;


--
-- Definition of table `info_post`
--

DROP TABLE IF EXISTS `info_post`;
CREATE TABLE `info_post` (
  `id` int unsigned NOT NULL AUTO_INCREMENT,
  `text_ru` text NOT NULL,
  `text_eng` text NOT NULL,
  `status` int unsigned NOT NULL,
  `name_status` text NOT NULL,
  PRIMARY KEY (`id`)
) ENGINE=InnoDB AUTO_INCREMENT=4 DEFAULT CHARSET=utf8mb4 COLLATE=utf8mb4_general_ci;

--
-- Dumping data for table `info_post`
--

/*!40000 ALTER TABLE `info_post` DISABLE KEYS */;
INSERT INTO `info_post` (`id`,`text_ru`,`text_eng`,`status`,`name_status`) VALUES 
 (1,'В этом разделе пользователь должен создать вопрос. Вопрос состоит из двух частей. Заголовок и Текст.','Create a question1\r\nВ этом разделе пользователь должен создать вопрос. Вопрос состоит из двух частей.',1,'Создание вопроса'),
 (2,'Пользователь может дать 1 ответ на вопрос. Нажмите на кнопку - Подробнее, а затем на кнопку - Дать ответ.','Eng',4,'Здесь отвечают на вопросы'),
 (3,'Пользователь может оценить любое количество ответов, поставив Лайк или Дизлайк. Пользователь не может оценить свой ответ.\r\nОтветы, которые оценены Лайками будут отражаться в разделе Мои голосования.','Eng 001',5,'Здесь голосуют по ответам');
/*!40000 ALTER TABLE `info_post` ENABLE KEYS */;


--
-- Definition of table `like_answer`
--

DROP TABLE IF EXISTS `like_answer`;
CREATE TABLE `like_answer` (
  `id` int unsigned NOT NULL AUTO_INCREMENT,
  `id_answer` int unsigned NOT NULL,
  `id_user` int unsigned NOT NULL,
  `data` int unsigned NOT NULL,
  `id_questions` int unsigned NOT NULL,
  PRIMARY KEY (`id`)
) ENGINE=InnoDB AUTO_INCREMENT=729 DEFAULT CHARSET=utf8mb4 COLLATE=utf8mb4_general_ci;

--
-- Dumping data for table `like_answer`
--

/*!40000 ALTER TABLE `like_answer` DISABLE KEYS */;
INSERT INTO `like_answer` (`id`,`id_answer`,`id_user`,`data`,`id_questions`) VALUES 
 (693,443,92,1708586772,242),
 (694,444,92,1708586776,242),
 (695,442,91,1708586824,242),
 (696,442,93,1708586874,242),
 (697,448,92,1709461149,243),
 (698,446,92,1709461158,243),
 (699,447,91,1709461195,243),
 (700,446,91,1709461201,243),
 (701,446,93,1709461250,243),
 (702,447,94,1709461283,243),
 (703,449,94,1709461314,243),
 (704,446,94,1709461320,243),
 (705,455,92,1713528200,248),
 (706,456,92,1713528207,248),
 (707,458,92,1713528212,248),
 (708,453,91,1713528239,248),
 (709,455,91,1713528243,248),
 (710,453,93,1713528301,248),
 (711,454,93,1713528305,248),
 (712,453,94,1713528407,248),
 (713,454,94,1713528413,248),
 (714,453,95,1713528455,248),
 (715,454,95,1713528457,248),
 (716,453,112,1713528485,248),
 (717,460,92,1713528712,249),
 (718,462,92,1713528716,249),
 (719,463,92,1713528720,249),
 (720,462,91,1713528957,249),
 (721,463,91,1713528958,249),
 (722,459,93,1713528997,249),
 (723,462,93,1713529005,249),
 (724,463,93,1713529007,249),
 (725,464,94,1713529042,249),
 (726,459,94,1713529052,249),
 (727,464,95,1713529074,249),
 (728,464,112,1713529109,249);
/*!40000 ALTER TABLE `like_answer` ENABLE KEYS */;


--
-- Definition of table `likepost`
--

DROP TABLE IF EXISTS `likepost`;
CREATE TABLE `likepost` (
  `id` int unsigned NOT NULL AUTO_INCREMENT,
  `id_questions` int unsigned NOT NULL,
  `id_user` text NOT NULL,
  `data` int unsigned NOT NULL,
  PRIMARY KEY (`id`)
) ENGINE=InnoDB AUTO_INCREMENT=1077 DEFAULT CHARSET=utf8mb4 COLLATE=utf8mb4_general_ci;

--
-- Dumping data for table `likepost`
--

/*!40000 ALTER TABLE `likepost` DISABLE KEYS */;
INSERT INTO `likepost` (`id`,`id_questions`,`id_user`,`data`) VALUES 
 (1041,12,'92',1708586772),
 (1042,12,'92',1708586776),
 (1043,12,'91',1708586824),
 (1044,12,'93',1708586874),
 (1045,12,'92',1709461149),
 (1046,12,'92',1709461158),
 (1047,12,'91',1709461195),
 (1048,12,'91',1709461200),
 (1049,12,'93',1709461250),
 (1050,12,'94',1709461283),
 (1051,12,'94',1709461314),
 (1052,12,'94',1709461320),
 (1053,12,'92',1713528200),
 (1054,12,'92',1713528207),
 (1055,12,'92',1713528212),
 (1056,12,'91',1713528239),
 (1057,12,'91',1713528243),
 (1058,12,'93',1713528301),
 (1059,12,'93',1713528305),
 (1060,12,'94',1713528407),
 (1061,12,'94',1713528413),
 (1062,12,'95',1713528455),
 (1063,12,'95',1713528457),
 (1064,12,'112',1713528485),
 (1065,12,'92',1713528712),
 (1066,12,'92',1713528716),
 (1067,12,'92',1713528720),
 (1068,12,'91',1713528957),
 (1069,12,'91',1713528958),
 (1070,12,'93',1713528997),
 (1071,12,'93',1713529005),
 (1072,12,'93',1713529007),
 (1073,12,'94',1713529042),
 (1074,12,'94',1713529051),
 (1075,12,'95',1713529074),
 (1076,12,'112',1713529109);
/*!40000 ALTER TABLE `likepost` ENABLE KEYS */;


--
-- Definition of table `price`
--

DROP TABLE IF EXISTS `price`;
CREATE TABLE `price` (
  `id` int unsigned NOT NULL AUTO_INCREMENT,
  `money` int unsigned NOT NULL,
  PRIMARY KEY (`id`)
) ENGINE=InnoDB AUTO_INCREMENT=2 DEFAULT CHARSET=utf8mb4 COLLATE=utf8mb4_general_ci;

--
-- Dumping data for table `price`
--

/*!40000 ALTER TABLE `price` DISABLE KEYS */;
INSERT INTO `price` (`id`,`money`) VALUES 
 (1,20);
/*!40000 ALTER TABLE `price` ENABLE KEYS */;


--
-- Definition of table `questions`
--

DROP TABLE IF EXISTS `questions`;
CREATE TABLE `questions` (
  `id` int unsigned NOT NULL AUTO_INCREMENT,
  `title` varchar(150) NOT NULL,
  `text` text NOT NULL,
  `coast` double NOT NULL,
  `status` int unsigned NOT NULL,
  `data` int unsigned NOT NULL,
  `owner_id` int unsigned NOT NULL,
  `grand` varchar(150) NOT NULL,
  `winner_id` int unsigned DEFAULT NULL,
  `data_status` int unsigned NOT NULL,
  `data_open` int unsigned DEFAULT NULL,
  `data_voiting` int unsigned DEFAULT NULL,
  `data_start` int unsigned DEFAULT NULL,
  `text_return` text CHARACTER SET utf8mb4 COLLATE utf8mb4_general_ci,
  `date_changes` int unsigned DEFAULT NULL,
  `date_create` int unsigned DEFAULT NULL,
  `date_update` int unsigned DEFAULT NULL,
  `date_moderation` int unsigned DEFAULT NULL,
  `date_open` int unsigned DEFAULT NULL,
  `date_voting` int unsigned DEFAULT NULL,
  `date_close` int unsigned DEFAULT NULL,
  `date_return_moderation` int unsigned DEFAULT NULL,
  `date_end_voting` int unsigned DEFAULT NULL,
  `date_end_open` int unsigned DEFAULT NULL,
  PRIMARY KEY (`id`)
) ENGINE=InnoDB AUTO_INCREMENT=254 DEFAULT CHARSET=utf8mb4 COLLATE=utf8mb4_general_ci;

--
-- Dumping data for table `questions`
--

/*!40000 ALTER TABLE `questions` DISABLE KEYS */;
INSERT INTO `questions` (`id`,`title`,`text`,`coast`,`status`,`data`,`owner_id`,`grand`,`winner_id`,`data_status`,`data_open`,`data_voiting`,`data_start`,`text_return`,`date_changes`,`date_create`,`date_update`,`date_moderation`,`date_open`,`date_voting`,`date_close`,`date_return_moderation`,`date_end_voting`,`date_end_open`) VALUES 
 (242,'Вопрос 15-07 / 20-02-2024 / Vadim','Вопрос 15-07 / 20-02-2024 / Vadim Вопрос 15-07 / 20-02-2024 / Vadim Вопрос 15-07 / 20-02-2024 / Vadim Вопрос 15-07 / 20-02-2024 / Vadim Вопрос 15-07 / 20-02-2024 / Vadim Вопрос 15-07 / 20-02-2024 / Vadim ',21,6,1708596507,95,'Россия',0,1708596504,0,0,1708423646,'',0,1708423646,1708596507,1708423666,1708423666,1708510104,1708596507,0,1708596504,1708510066),
 (243,'Вопрос 23-05 / 01-03-2024 / Vadim','Вопрос 23-05 / 01-03-2024 / Vadim. Вопрос 23-05 / 01-03-2024 / Vadim.Вопрос 23-05 / 01-03-2024 / Vadim.Вопрос 23-05 / 01-03-2024 / Vadim.Вопрос 23-05 / 01-03-2024 / Vadim.Вопрос 23-05 / 01-03-2024 / Vadim.',22,6,1709489231,95,'Россия',0,1709489228,0,0,1709316365,'',0,1709316365,1709489231,1709316388,1709316388,1709402828,1709489231,0,1709489228,1709402788),
 (244,'Вопрос 13-23 / 04-03-2024 / Vadim','Вопрос 13-23 / 04-03-2024 / Vadim. Вопрос 13-23 / 04-03-2024 / Vadim. Вопрос 13-23 / 04-03-2024 / Vadim. Вопрос 13-23 / 04-03-2024 / Vadim. Вопрос 13-23 / 04-03-2024 / Vadim. Вопрос 13-23 / 04-03-2024 / Vadim. Вопрос 13-23 / 04-03-2024 / Vadim. Вопрос 13-23 / 04-03-2024 / Vadim. ',25,6,1709713799,95,'Россия',0,1709713793,0,0,1709540624,'',0,1709540624,1709713799,1709540980,1709540980,1709627393,1709713799,0,1709713793,1709627380),
 (245,'Вопрос 13-23 / 04-03-2024 / Vadim (14-39 на 2 мод)','Вопрос вернулся с модерации. Я его изменил. Теперь всё по-другому. Вопрос вернулся с модерации. Я его изменил. Теперь всё по-другому. Вопрос вернулся с модерации. Я его изменил. Теперь всё по-другому. Вопрос вернулся с модерации. Я его изменил. Теперь всё по-другому. ',25,6,1715149207,95,'Россия',0,1715149204,0,0,1709540624,'Вопрос задублирован, измените его.',0,1709540624,1715149207,1714976395,1714976395,1715062804,1715149207,1709544898,1715149204,1715062795),
 (246,'Проверяю можно ли вставлять ссылки в вопрос 15-56 09.03.2024','http://que.mrtruman.ru/questions/view/244 \r\nили\r\nhttp://que.mrtruman.ru/questions/view/244\r\n\r\nОтвет i0618\r\nПроверяю можно ли вставлять ссылки в вопрос 15-56 09.03.2024\r\nПроверяю можно ли вставлять ссылки в вопрос 15-56 09.03.2024',23,6,1710154636,92,'Россия',0,1710154633,0,0,1709981816,'',0,1709981816,1710154636,1709981833,1709981833,1710068233,1710154636,0,1710154633,1710068233),
 (247,'Вопрос от Admin 07-04-2024 14:05 по поводу предложений и замечаний','Пользователи, пожалуйста, напишите в ответах к этому вопросу ваши пожелания и критические замечания. Для нас очень важно знать, что вы думаете о нашем проекте. Также нам очень важно знать, как ещё мы можем его улучшить для вас)',20,6,1712653602,86,'Россия',0,1712653599,0,0,1712480776,'',0,1712480776,1712653602,1712480788,1712480788,1712567199,1712653602,0,1712653599,1712567188),
 (248,'Вопрос 13-49 / 17-04-2024 / i0618...','Вопрос 13-49 / 17-04-2024 / i0618... Вопрос 13-48 / 17-04-2024 / i0618... Вопрос 13-48 / 17-04-2024 / i0618... Вопрос 13-48 / 17-04-2024 / i0618... Вопрос 13-48 / 17-04-2024 / i0618... Вопрос 13-48 / 17-04-2024 / i0618... Вопрос 13-48 / 17-04-2024 / i0618...',25,6,1713606499,92,'Россия',0,1713606495,0,0,1713343786,'',0,1713343786,1713606499,1713433637,1713433637,1713520095,1713606499,0,1713606495,1713520037),
 (249,'Вопрос 15-27 / 18-04-2024 / i0600','Вопрос 15-27 / 18-04-2024 / i0600 (увёл баланс в \"0\", что будет показываться в разделе \"Создать вопрос\"?) ...\r\nВопрос 15-27 / 18-04-2024 / i0600 (увёл баланс в \"0\", что будет показываться в разделе \"Создать вопрос\"?) ...\r\nВопрос 15-27 / 18-04-2024 / i0600 (увёл баланс в \"0\", что будет показываться в разделе \"Создать вопрос\"?) ...',36,6,1713609019,91,'Россия',0,1713609015,0,0,1713436034,'',0,1713436034,1713609019,1713436170,1713436170,1713522615,1713609019,0,1713609015,1713522570),
 (250,'Rfrjq nj nfv djghjc 1asdasd','\\asda das dasd asd asd asd asd asd asd asd ',200,6,1718533086,86,'Россия',NULL,1718533085,NULL,NULL,1718360237,'edadsdasdds asd asd asd  asdasd asd ',NULL,1718360237,1718533086,1718360270,1718360270,1718446685,1718533086,1718360252,1718533085,1718446670),
 (251,'У вас болит Левая или Правая нога?','Пожалуйста, опишите ситуацию, изложите подробности, сошлитесь на примеры. Мы всё изучим и примем решение.... Пожалуйста, опишите ситуацию, изложите подробности, сошлитесь на примеры. Мы всё изучим и примем решение....',25,6,1718533506,94,'Россия',NULL,1718533505,NULL,NULL,1718360561,NULL,NULL,1718360561,1718533506,1718360666,1718360666,1718447105,1718533506,NULL,1718533505,1718447066),
 (252,'левый иои правый','раииаг еопеш прпгпог попоро раииаг еопеш прпгпог попорраииаг еопеш прпгпог попоро о раииаг еопеш прпгпог попоро раииаг еопеш прпгпог попоро раииаг еопеш прпгпог попоро раииаг еопешраииаг еопеш прпгпог попоро прпгпог попоро ',22,1,1718364334,94,'Россия',NULL,1718364334,NULL,NULL,1718364334,NULL,NULL,1718364334,NULL,NULL,NULL,NULL,NULL,NULL,NULL,NULL),
 (253,'Вопрос 15-18 от 19.06.2024 i0618','15-37 - Второй раз на модерацию отправил...\r\n15-18 - Первый раз на модерацию отправил.... Вопрос 15-18 от 19.06.2024 i0618... Вопрос 15-18 от 19.06.2024 i0618... Вопрос 15-18 от 19.06.2024 i0618... Вопрос 15-18 от 19.06.2024 i0618... Вопрос 15-18 от 19.06.2024 i0618... Вопрос 15-18 от 19.06.2024 i0618... ',22,1,1718792367,92,'Россия',NULL,1718792367,NULL,NULL,1718792367,'Тест тест тест Тест тест тест ...',NULL,1718792367,1718793495,NULL,NULL,NULL,NULL,1718793426,NULL,NULL);
/*!40000 ALTER TABLE `questions` ENABLE KEYS */;


--
-- Definition of table `users`
--

DROP TABLE IF EXISTS `users`;
CREATE TABLE `users` (
  `id` int unsigned NOT NULL AUTO_INCREMENT,
  `username` varchar(45) NOT NULL,
  `password_hash` text NOT NULL,
  `auth_key` text NOT NULL,
  `accessToken` text,
  `status` int unsigned NOT NULL,
  `email` varchar(90) NOT NULL,
  `create_at` int unsigned NOT NULL,
  `image` varchar(45) DEFAULT NULL,
  `name` text,
  `second_name` text,
  `end_at` int unsigned DEFAULT NULL,
  `money` int unsigned DEFAULT NULL,
  `grand` int unsigned DEFAULT NULL,
  `moderation` int unsigned NOT NULL,
  `key` varchar(45) NOT NULL,
  `read` int unsigned NOT NULL,
  `date_online` int unsigned NOT NULL,
  PRIMARY KEY (`id`)
) ENGINE=InnoDB AUTO_INCREMENT=113 DEFAULT CHARSET=utf8mb3;

--
-- Dumping data for table `users`
--

/*!40000 ALTER TABLE `users` DISABLE KEYS */;
INSERT INTO `users` (`id`,`username`,`password_hash`,`auth_key`,`accessToken`,`status`,`email`,`create_at`,`image`,`name`,`second_name`,`end_at`,`money`,`grand`,`moderation`,`key`,`read`,`date_online`) VALUES 
 (86,'Admin','$2y$13$LcBfFNwk.dN.VDhc207S3exLvjL856xLX/TY4WFpUqsEOPjWlZuMm','wr7p8RIAsQ0gh5ZgfFmdIKaNtFxJb0YU','f8acdcab0434698da1f51f64752d6cdc',1,'support@mrtruman.ru',1682313898,'78c1eb610daeff47b10ab3299cb603d8.jpg',NULL,NULL,1684041915,94005,1,1,'jG23zxcmsEKs**aS431',1,1718793554),
 (87,'Pikli','$2y$13$uYH4VuS3fvXqmYXMW4TvpuMAAgNxTZBDDlSSNscCcfM1Ml8A1H1HW','RLzR72r4W-Aq8voG8r5Oj_d9M2tJbjvH','f93c20198fd62f9759df1f0c1d6417d5',1,'amifudo.game@gmail.com',1682318886,'47969824734025ac626274ed43277670.jpg',NULL,NULL,1684046912,65138,1,0,'',1,1697061781),
 (88,'Bad','$2y$13$/psiHjU/7ljyJVKkZ3gh.uzjJ27Gu8/3yFno6Q6oDqZERtmoDbNPS','12fERgei5x5C1sIffPrc7-6FGS3Fw2Md','aa22151350d93ed19b13f13faecc055a',1,'bad@mrs.ru',1682320156,'0613bf20fd4db56f911eb85bec2b80ad.jpg',NULL,NULL,NULL,1000,1,0,'',1,1691055167),
 (89,'volojenin','$2y$13$LcBfFNwk.dN.VDhc207S3exLvjL856xLX/TY4WFpUqsEOPjWlZuMm','wr7p8RIAsQ0gh5ZgfFmdIKaNtFxJb0YU','f8acdcab0434698da1f51f64752d6cdc',1,'volojenin@gmail.com',1682427128,'user.png',NULL,NULL,1684155735,80260,405,0,'',1,1714229197),
 (91,'i0600','$2y$13$g6WpxmR8YuCocS8grmCsuu30.bNIH5AlWELi7YGH5jjSXpEgJMZiK','rv1wpXWz27iufW-IjqtgtCMlTk_gfE99','0b7d77b2389ff1fa7c06956c0110fe85',1,'i0600@yandex.ru',1682664349,'ff3650459a741963bd77aa21419b1e63.jpg',NULL,NULL,1684392445,0,1,0,'',1,1718798135),
 (92,'i0618','$2y$13$0WlMIzYc8WUJ9BCHbhPncO6du0pL7wK5DLWD0/afkcysuP3lgAGQa','PxlRi8FOT2VQ2wghf6tvZpoC-X0Enu53','950a251c41acf0403f901befc26cf394',1,'i0618@yandex.ru',1682665389,'2b6a30738641ad73b306d3f7fc1a1c6e.jpg',NULL,NULL,1684393402,653,1,0,'',1,1718796618),
 (93,'86mail','$2y$13$Pi8ZgOR3Ppkf8xEhK9b/.OSYQ98ol0qQDJw0LKi5xUSa6ntdY1G1C','GVPCSbbhuX4xASs0Ox0f5qv0NX83auCg','5ccd91ec4991f9fe1dff6313b27b864e',1,'dr.zlo_86@mail.ru',1682749773,'user.png',NULL,NULL,1684477789,863,1,0,'',1,1713529020),
 (94,'z32165','$2y$13$bGz4dzT/vtQb/08vnT4XoOS6yMjwwuG6DiybQYT8HmQkEhCqF9Vty','v16YqYXQDzRH1VEp1y2kUFIZE-8GFl7E','42848caa5b6f466ca299aa6fd8af8681',1,'z32165@yandex.ru',1682750089,'user.png',NULL,NULL,1684478153,930,1,0,'',1,1718368601),
 (95,'Vadim','$2y$13$V.3ViwTwwwq6GxeRBTApDuuJnNzk9qM1i611EzdfbhjfGeo/Wi756','Uyp8kjvdtrQsDdN1c5js-ENdDRtZoyoD','63949b94e37fe467e803b3ab246916ca',1,'z12300@rambler.ru',1682753594,'user.png',NULL,NULL,1684481654,10,1,0,'',1,1718365367),
 (96,'Benia','$2y$13$ZW6rwFbOr5yru./LN0aXseJLmRFu.etZU65XHZCyF2PxhRmEZ.Oue','7PGZn7PkUZqRn5TKKYXX_jUFLj9dugf4','584a7cb62b9389b96c358f07554e06b0',0,'benyathip2711@gmai.com',1682755572,'user.png',NULL,NULL,NULL,900,1,0,'',0,0),
 (97,'Benyathip','$2y$13$Nw5weHAW6OAiJcWZ77Gb0uBY2SR.0uMr8bWL4j81MnFgEZNcTEVQO','u5OY2O45Gz0_0at7aXDdN6dNkWJ5b7rM','97561e96d2472f089433e27f5ee5e64f',1,'benyathip2711@gmail.com',1682756670,'user.png',NULL,NULL,1684484865,900,1,0,'',0,0),
 (98,'AmiFudo','$2y$13$tSerT7ob13jflrRkL3wzie8bcbabBOCH8xjquRvE23RGmYxXVyqaa','LIq4XqHZAtpswpXp2Uerr7LZwA6bI5lz','bd8f55e6dedadccb3b268aa871b4ea84',1,'amifusdo.game@gmail.com',1683180326,'240e283df26d0ed1a0973525b135325d.jpg',NULL,NULL,NULL,2660,1,0,'',1,1691055157),
 (99,'Zoya','$2y$13$vEb0ivYXdPcydNbfX9bNUeRNfDxuD5OfXnW36YO.wsWdePaCTm0X6','uYNIldY62S43_iyUDQE8YB7iLuDy_P_d','3d84b5c0e10170bc419baa083e547e7a',1,'Zburatkina@yandex.ru',1683272463,'user.png',NULL,NULL,1685000492,141,1,0,'',1,1690456773),
 (105,'test','$2y$13$Iges.REtAAXyqoIADosJEeYRO5k2inDmkHtosvJvsalYKFpwaqmwq','kDHOi2kSJMjXaUp59Ca43GpEwgiEshAR','c20d8d78fe22dadea69d39196821e723',0,'test@mail.ru',1692179738,'user.png',NULL,NULL,NULL,NULL,1,0,'',1,0),
 (106,'logggin','$2y$13$nQFCmnyciBZwg3iLmPg3aOvQTW7F/MflSM.W7k7vEnfKPQOGCs1Ce','-kXK8L8c0EwDZm4sNOoH64TzuXj2OnwT','21400b1761750631c1aa98eff8bd705e',1,'cevar12127@wlmycn.com',1693393279,'user.png',NULL,NULL,1695121299,8398,1,1,'jG23zxcmsEKs**aS431',1,1699534812),
 (108,'logggin1','$2y$13$kNMC4Q22Sv2lJ7qjvUEO4u5ztly2oABzBHfrabOf3oDWqi0ObH7Ge','tDJh5dMvl9fVAAYp-FM0965qwqgyrmEW','c7ddb1202da0f90d1350c2f823d952fe',1,'wadoga8727@stypedia.com',1693549346,'user.png',NULL,NULL,1695277377,NULL,1,0,'',1,1696932505),
 (109,'test1','$2y$13$eaDuS3SfbAH1N4wHk6W4lOnaXQwltRidcJuvwzQomEiHGR1yR8bAi','eDAXGkGFWDnwLzDCr79Cgcbd7i1WrOCn','b8034295effec32a04a8b1e74e8297f5',1,'pgmnfym566@enoiv.com',1695616882,'user.png',NULL,NULL,1697344925,NULL,1,0,'',1,1699618150),
 (110,'test2','$2y$13$8ESBaLtLKTOC2T74jLaEDek5qH.yALzHX7ugaOYuhOh3dzt.2ZElu','fjbnqfnvxpYskRf1SN7DdbuEEMsBYAYz','455c244461ceb1a7615c60afbf230089',1,'testtest2@mail.ru',1695617036,'user.png',NULL,NULL,NULL,NULL,1,0,'',1,1699534149),
 (111,'test3','$2y$13$nufe08a48wluPhazqVTGCOcea4kDFpdJub/Sdm8gZ36teuLYXkPbK','FxX5QVgRM-eh_sLL-SPZn2_dbJvIWolx','5c31ec30b8f20f9fc6e588665e06601f',1,'ewfsa@2.dfs.fd',1695617110,'user.png',NULL,NULL,NULL,900,1,0,'',1,1699534138),
 (112,'Vadim_New','$2y$13$7NR6uvOAOSNlZUXzYg.l3OXBdlsYuAWjqmr5KhuNqiY56bxRRLU2i','tkeC2eXLwUsBKZ-jyGtgl8zn7V7v0TVm','607df88c2d8660805c13c96ab21e2b09',1,'z3216501@gmail.com',1712654278,'user.png',NULL,NULL,1714406085,NULL,287,0,'',1,1714998200);
/*!40000 ALTER TABLE `users` ENABLE KEYS */;


--
-- Definition of table `users_emails`
--

DROP TABLE IF EXISTS `users_emails`;
CREATE TABLE `users_emails` (
  `id` int unsigned NOT NULL AUTO_INCREMENT,
  `email` text NOT NULL,
  `user_id` int unsigned NOT NULL,
  `status` int unsigned NOT NULL DEFAULT '0',
  `hash` varchar(45) NOT NULL,
  `date` int unsigned NOT NULL,
  PRIMARY KEY (`id`)
) ENGINE=InnoDB AUTO_INCREMENT=9 DEFAULT CHARSET=utf8mb3;

--
-- Dumping data for table `users_emails`
--

/*!40000 ALTER TABLE `users_emails` DISABLE KEYS */;
INSERT INTO `users_emails` (`id`,`email`,`user_id`,`status`,`hash`,`date`) VALUES 
 (1,'sdf',7,1,'bed0728460862b7ce4cdd63d286d7086',1635188400),
 (2,'sdf',7,1,'010cc7de7ad27e0167713dc5c0bfa2b7',1635188400),
 (3,'sdf',7,1,'010cc7de7ad27e0167713dc5c0bfa2b7',1635188400),
 (4,'sdf',7,1,'010cc7de7ad27e0167713dc5c0bfa2b7',1635188400),
 (5,'wwwleningrad1@mail.ru',7,1,'a53cbc71669e393ee3f12bb08986f8b0',1635188400),
 (6,'ezakharova@mail.ru',7,1,'8b6493d1c1f4963978596bd70495a191',1635188400),
 (7,'norverc@gmail.com',5,1,'5a37f7a9130246271e45a2a0efc57234',1635274800),
 (8,'tierra-de-sol@yandex.ru',5,1,'2fce0f061aa26ab0415f7505ea6db2c6',1635274800);
/*!40000 ALTER TABLE `users_emails` ENABLE KEYS */;


--
-- Definition of table `views`
--

DROP TABLE IF EXISTS `views`;
CREATE TABLE `views` (
  `id` int unsigned NOT NULL AUTO_INCREMENT,
  `id_questions` int unsigned NOT NULL,
  `id_user` text NOT NULL,
  `data` int unsigned NOT NULL,
  `type_user` int unsigned NOT NULL,
  PRIMARY KEY (`id`)
) ENGINE=InnoDB AUTO_INCREMENT=915 DEFAULT CHARSET=utf8mb4 COLLATE=utf8mb4_general_ci;

--
-- Dumping data for table `views`
--

/*!40000 ALTER TABLE `views` DISABLE KEYS */;
INSERT INTO `views` (`id`,`id_questions`,`id_user`,`data`,`type_user`) VALUES 
 (888,242,'95',1708423758,1),
 (889,242,'92',1708423868,1),
 (890,242,'91',1708423937,1),
 (891,242,'93',1708423990,1),
 (892,242,'94',1708424056,1),
 (893,243,'95',1709316429,1),
 (894,243,'92',1709372707,1),
 (895,243,'91',1709372773,1),
 (896,243,'93',1709372840,1),
 (897,243,'94',1709372901,1),
 (898,244,'95',1709541032,1),
 (899,244,'91',1709549361,1),
 (900,248,'92',1713433804,1),
 (901,248,'91',1713434164,1),
 (902,248,'93',1713434193,1),
 (903,248,'94',1713434216,1),
 (904,248,'95',1713434243,1),
 (905,248,'112',1713434291,1),
 (906,249,'91',1713436199,1),
 (907,249,'93',1713439700,1),
 (908,249,'94',1713439731,1),
 (909,249,'95',1713439758,1),
 (910,249,'112',1713439801,1),
 (911,249,'92',1713439830,1),
 (912,251,'94',1718364131,1),
 (913,251,'95',1718364459,1),
 (914,250,'94',1718368601,1);
/*!40000 ALTER TABLE `views` ENABLE KEYS */;


--
-- Definition of table `views_answer`
--

DROP TABLE IF EXISTS `views_answer`;
CREATE TABLE `views_answer` (
  `id` int unsigned NOT NULL AUTO_INCREMENT,
  `id_answer` int unsigned NOT NULL,
  `id_user` text NOT NULL,
  `data` int unsigned NOT NULL,
  `type_user` int unsigned NOT NULL,
  `button_click` int unsigned NOT NULL,
  PRIMARY KEY (`id`)
) ENGINE=InnoDB AUTO_INCREMENT=925 DEFAULT CHARSET=utf8mb4 COLLATE=utf8mb4_general_ci;

--
-- Dumping data for table `views_answer`
--

/*!40000 ALTER TABLE `views_answer` DISABLE KEYS */;
INSERT INTO `views_answer` (`id`,`id_answer`,`id_user`,`data`,`type_user`,`button_click`) VALUES 
 (861,443,'92',1708586772,1,0),
 (862,444,'92',1708586776,1,0),
 (863,445,'92',1708586782,1,0),
 (864,441,'92',1708586787,1,0),
 (865,442,'91',1708586824,1,0),
 (866,445,'91',1708586830,1,0),
 (867,442,'93',1708586874,1,0),
 (868,448,'92',1709461149,1,0),
 (869,446,'92',1709461158,1,0),
 (870,447,'91',1709461195,1,0),
 (871,446,'91',1709461201,1,0),
 (872,448,'93',1709461245,1,0),
 (873,446,'93',1709461250,1,0),
 (874,447,'94',1709461283,1,0),
 (875,448,'94',1709461296,1,0),
 (876,449,'94',1709461314,1,0),
 (877,446,'94',1709461320,1,0),
 (878,447,'95',1709461362,1,0),
 (879,448,'95',1709461370,1,0),
 (880,449,'95',1709461377,1,0),
 (881,450,'95',1709461388,1,0),
 (882,455,'92',1713528200,1,0),
 (883,456,'92',1713528207,1,0),
 (884,458,'92',1713528212,1,0),
 (885,453,'91',1713528239,1,0),
 (886,455,'91',1713528243,1,0),
 (887,456,'91',1713528248,1,0),
 (888,458,'91',1713528250,1,0),
 (889,457,'91',1713528255,1,0),
 (890,453,'93',1713528301,1,0),
 (891,454,'93',1713528305,1,0),
 (892,457,'93',1713528311,1,0),
 (893,458,'93',1713528313,1,0),
 (894,453,'94',1713528407,1,0),
 (895,454,'94',1713528413,1,0),
 (896,457,'94',1713528419,1,0),
 (897,458,'94',1713528422,1,0),
 (898,453,'95',1713528455,1,0),
 (899,454,'95',1713528457,1,0),
 (900,455,'95',1713528462,1,0),
 (901,453,'112',1713528485,1,0),
 (902,455,'112',1713528490,1,0),
 (903,460,'92',1713528712,1,0),
 (904,462,'92',1713528716,1,0),
 (905,463,'92',1713528720,1,0),
 (906,464,'91',1713528944,1,0),
 (907,461,'91',1713528949,1,0),
 (908,462,'91',1713528957,1,0),
 (909,463,'91',1713528958,1,0),
 (910,464,'93',1713528991,1,0),
 (911,459,'93',1713528997,1,0),
 (912,461,'93',1713529001,1,0),
 (913,462,'93',1713529005,1,0),
 (914,463,'93',1713529007,1,0),
 (915,464,'94',1713529042,1,0),
 (916,459,'94',1713529052,1,0),
 (917,464,'95',1713529074,1,0),
 (918,459,'95',1713529079,1,0),
 (919,460,'95',1713529082,1,0),
 (920,464,'112',1713529109,1,0),
 (921,459,'112',1713529114,1,0),
 (922,460,'112',1713529118,1,0),
 (923,461,'112',1713529120,1,0),
 (924,462,'112',1713529125,1,0);
/*!40000 ALTER TABLE `views_answer` ENABLE KEYS */;




/*!40101 SET SQL_MODE=@OLD_SQL_MODE */;
/*!40014 SET FOREIGN_KEY_CHECKS=@OLD_FOREIGN_KEY_CHECKS */;
/*!40014 SET UNIQUE_CHECKS=@OLD_UNIQUE_CHECKS */;
/*!40101 SET CHARACTER_SET_CLIENT=@OLD_CHARACTER_SET_CLIENT */;
/*!40101 SET CHARACTER_SET_RESULTS=@OLD_CHARACTER_SET_RESULTS */;
/*!40101 SET COLLATION_CONNECTION=@OLD_COLLATION_CONNECTION */;
/*!40101 SET CHARACTER_SET_CLIENT=@OLD_CHARACTER_SET_CLIENT */;
